Date,BTC,Energy,GPR
2020/06/11,-0.165074288,-0.971168365,0.067492267
2020/06/12,-0.209852403,-1.168518796,0.146948382
2020/06/13,-0.215104829,-1.184223309,0.222973413
2020/06/14,-0.251827585,-1.171235804,0.221645843
2020/06/15,-0.257097939,-1.12255124,0.215703891
2020/06/16,-0.234742108,-1.111185757,0.298494942
2020/06/17,-0.191019207,-0.955441496,0.293187711
2020/06/18,-0.162767698,-1.034879534,0.30173006
2020/06/19,-0.185765491,-0.969207332,0.359110672
2020/06/20,-0.23204237,-1.055528347,0.266029435
2020/06/21,-0.179356243,-1.105482363,0.399146331
2020/06/22,-0.21289951,-1.104575847,0.359339712
2020/06/23,-0.204641116,-1.132445783,0.350657683
2020/06/24,-0.096095181,-0.985937847,-0.034318299
2020/06/25,-0.106693285,-0.994964513,0.028889693
2020/06/26,-0.022335581,-0.84587388,0.31612904
2020/06/27,0.065751291,-0.928334905,0.446361561
2020/06/28,-0.01399624,-0.980288967,0.501028839
2020/06/29,0.025705968,-0.972481907,0.392961484
2020/06/30,-0.025893111,-0.97517672,0.303090641
2020/07/01,-1.479824863,-0.915153362,0.194838974
2020/07/02,-1.117175737,-0.951029619,-0.010908021
2020/07/03,-1.07916113,-0.955096768,-0.02869527
2020/07/04,-1.104662742,-0.975511102,0.041841234
2020/07/05,-1.168061454,-2.044482796,-0.024504533
2020/07/06,-0.840065271,-2.055609344,-0.13640787
2020/07/07,-0.716436476,-1.906995946,-0.175287028
2020/07/08,-0.715639667,-1.915708597,-0.097837327
2020/07/09,-0.602720239,-1.869070898,-0.057107874
2020/07/10,-0.571480435,-2.052806599,-0.072919801
2020/07/11,0.63951145,-1.266187934,-0.225168493
2020/07/12,0.720034595,-1.307974035,-0.277998831
2020/07/13,0.741025831,-1.318058597,-0.240323144
2020/07/14,0.692636389,-1.046289122,-0.324226232
2020/07/15,0.786877731,-1.055544567,-0.452846315
2020/07/16,0.909982278,-1.176339037,-0.436212958
2020/07/17,0.850912802,-1.267607868,-0.425392775
2020/07/18,0.799144017,-1.221668734,-0.45352911
2020/07/19,0.733275181,-1.263184972,-0.557816769
2020/07/20,0.792864782,-1.225481744,-0.51130124
2020/07/21,0.660167402,-0.395224007,-0.640881423
2020/07/22,0.290360682,-0.315327311,-0.703470945
2020/07/23,0.225965397,-0.244711041,-0.753359429
2020/07/24,1.034690033,0.361738507,-0.73695252
2020/07/25,0.861271683,0.429730631,-0.723868008
2020/07/26,0.738789274,0.50860773,-0.725316521
2020/07/27,3.335856005,0.534235266,-0.663262777
2020/07/28,3.358072433,0.607710252,-0.614686243
2020/07/29,3.261633351,0.540009179,-0.513187993
2020/07/30,3.276469785,0.38153205,-0.400930522
2020/07/31,3.189228951,0.391204867,-0.307792811
2020/08/01,2.892649772,0.446215952,-0.140089696
2020/08/02,1.385530149,0.41375975,-0.067391737
2020/08/03,1.325302275,0.416479143,-0.205448981
2020/08/04,1.323210838,0.382370983,-0.192114722
2020/08/05,1.26870094,0.315586153,-0.096485618
2020/08/06,1.261699702,0.346736215,0.018843077
2020/08/07,1.336082471,0.377180648,0.006076249
2020/08/08,1.29541669,0.788977525,0.037893997
2020/08/09,1.303050504,0.86574966,0.051957868
2020/08/10,1.226858867,0.813639283,0.3446493
2020/08/11,1.010388974,0.752920944,0.324000646
2020/08/12,0.944047512,0.687791845,0.219862089
2020/08/13,0.878188592,0.76820888,0.15942485
2020/08/14,0.870704861,0.89513097,0.232132626
2020/08/15,0.832319035,0.875821084,0.399993718
2020/08/16,0.831774682,0.851267021,0.491143038
2020/08/17,0.715782126,0.833722769,0.451907209
2020/08/18,0.715771411,0.842009251,0.417863253
2020/08/19,0.7153646,0.851427532,0.515630086
2020/08/20,0.76766021,-0.123965549,0.512604476
2020/08/21,0.821647292,-0.142717025,0.45288751
2020/08/22,0.814779531,-0.234549061,0.271813603
2020/08/23,0.807503515,-0.308240783,0.341567663
2020/08/24,0.829022357,-0.353715962,0.311848961
2020/08/25,0.865292331,-0.2660178,0.295073211
2020/08/26,-0.692107757,-0.170886497,0.195486391
2020/08/27,-0.656428911,-0.245461698,0.120742592
2020/08/28,-0.656350421,-0.254587355,0.100974513
2020/08/29,-0.636683581,0.302124876,0.095980534
2020/08/30,-0.636796254,0.353832044,-0.325673753
2020/08/31,-0.704745248,0.417679812,0.502805709
2020/09/01,-0.259877637,0.489183011,0.470540071
2020/09/02,-0.377734465,0.545295229,0.537917168
2020/09/03,-1.702757257,0.058313938,0.576571721
2020/09/04,-1.991014978,0.049394788,0.537483379
2020/09/05,-1.79829148,-0.047726999,0.687879068
2020/09/06,-1.874996145,-0.150107108,0.720439003
2020/09/07,-1.879031059,-0.128679198,0.643026993
2020/09/08,-1.786817677,-1.066912533,0.724533992
2020/09/09,-1.80107711,-1.026763898,0.764885676
2020/09/10,-2.046518268,-0.908205247,0.683786465
2020/09/11,-2.053208764,-0.97497332,0.697766712
2020/09/12,-2.070321982,-1.165156936,0.764087345
2020/09/13,-2.025378591,-1.166361692,0.662741812
2020/09/14,-1.86615889,-1.172703073,0.773282344
2020/09/15,-1.873659948,-1.173485185,0.671435329
2020/09/16,-1.961814703,-0.664950189,0.708301114
2020/09/17,-2.071204947,-0.749225895,0.716098029
2020/09/18,-2.177841272,-0.695955846,0.690443721
2020/09/19,-2.173017122,-0.728567537,0.852792696
2020/09/20,-2.24936537,-0.698758716,0.863692588
2020/09/21,-1.946794213,-0.582742585,0.896297971
2020/09/22,-1.963598308,-0.581975884,0.787972329
2020/09/23,-1.800758525,-0.696166603,0.96213966
2020/09/24,-1.671151323,-0.750491477,0.984623885
2020/09/25,-1.627082491,-0.849941195,1.036426111
2020/09/26,-1.70551069,-0.856412097,1.115873885
2020/09/27,-1.701532569,-0.956079827,1.034802114
2020/09/28,-1.689173763,-0.986724524,0.916935303
2020/09/29,-1.695873372,-0.844490301,1.51552209
2020/09/30,-1.684223225,-0.849200521,0.934349927
2020/10/01,-1.636179635,-0.731785674,1.01284302
2020/10/02,-1.882575267,-0.757178977,0.952008154
2020/10/03,-0.051975434,-0.777182205,0.872972911
2020/10/04,-0.053202772,-0.809293862,0.770960151
2020/10/05,-0.06975276,-0.80096496,0.750486297
2020/10/06,0.050819122,-0.762645074,0.703051613
2020/10/07,0.064486728,-0.767868217,0.058828954
2020/10/08,-0.048967075,-0.143548114,-0.001095868
2020/10/09,-0.059584238,-0.067766349,-0.00397042
2020/10/10,-0.07774739,-0.096593351,-0.399623336
2020/10/11,-0.10118376,-0.091919405,-0.318176277
2020/10/12,-0.153354933,-0.086864327,-0.165650141
2020/10/13,-0.153712172,0.00132959,-0.146373308
2020/10/14,-0.179568631,-0.007708397,-0.136454316
2020/10/15,-0.154105777,0.026871885,0.042818237
2020/10/16,-0.014203562,0.022176449,-0.060357033
2020/10/17,-0.048418265,0.040509817,-0.214516397
2020/10/18,-0.111599864,-0.024202485,-0.265787384
2020/10/19,-0.110697331,-0.080465325,-0.329758059
2020/10/20,-0.247195635,-0.210051652,-0.288120515
2020/10/21,1.434177814,-0.201509683,-0.238101587
2020/10/22,1.410528657,-0.073600598,-0.264800173
2020/10/23,1.762536595,0.393825366,-0.263891892
2020/10/24,2.024484892,0.409385992,-0.257448064
2020/10/25,2.027149945,0.429791712,-0.22077496
2020/10/26,2.036590017,0.542926194,-0.297454578
2020/10/27,1.706726152,0.615728838,-0.297054593
2020/10/28,1.332818231,-0.00985077,-0.163558217
2020/10/29,1.333179955,-0.104389939,-0.183310594
2020/10/30,1.299483974,-0.177492202,-0.157132649
2020/10/31,1.280566536,-0.267824386,-1.067605652
2020/11/01,1.282066131,-0.309856986,-0.56083314
2020/11/02,1.222866651,-0.31133877,-0.69555478
2020/11/03,1.100624429,-0.313075015,-0.537538457
2020/11/04,1.090815111,-0.281149913,-0.515294059
2020/11/05,1.806017553,-0.328922111,-0.383957584
2020/11/06,1.808987838,-0.198030409,-0.370981664
2020/11/07,1.240294292,0.247994437,-0.259696271
2020/11/08,1.102675516,0.450776528,-0.327416332
2020/11/09,1.179996679,0.46842619,-0.405831521
2020/11/10,1.204272793,0.430478455,-0.373861387
2020/11/11,1.147940799,0.43613287,-0.373990475
2020/11/12,1.002941072,0.294875342,-0.265664767
2020/11/13,0.998694924,0.205549461,-0.380468612
2020/11/14,1.002306434,0.093190997,-0.262074317
2020/11/15,1.015396364,-0.030402463,-0.287331718
2020/11/16,0.852996302,-0.13327724,-0.36709436
2020/11/17,0.715753783,-0.205621585,-0.287018941
2020/11/18,0.764407414,-0.176379078,-0.256160145
2020/11/19,0.804124635,-0.158589436,-0.169352499
2020/11/20,0.754234053,-0.205232217,-0.276885323
2020/11/21,0.783345333,-0.197577101,-0.147095993
2020/11/22,0.778974706,-0.266352541,-0.216667297
2020/11/23,0.821396823,-0.39539994,-0.169145277
2020/11/24,0.673053816,-0.272665877,-0.229997222
2020/11/25,0.671354439,-0.269715929,-0.230351015
2020/11/26,-0.107163541,-0.285861581,-0.193146744
2020/11/27,-0.151427967,0.108649011,-0.258008299
2020/11/28,-0.200402073,0.166384587,-0.278456453
2020/11/29,-0.249292745,0.182967081,-0.309118606
2020/11/30,-0.151352606,0.231413209,0.02824033
2020/12/01,-0.135391397,0.217210071,-0.054078633
2020/12/02,-0.226858689,0.153370037,0.014189207
2020/12/03,-0.185868433,0.156497967,0.086748596
2020/12/04,-0.107521474,0.076520213,0.120148128
2020/12/05,-0.529745305,0.096292338,0.014121134
2020/12/06,-0.564190861,0.093828324,-0.045272971
2020/12/07,-0.602614751,0.205894658,-0.078938411
2020/12/08,-0.473287305,0.280915596,-0.121153439
2020/12/09,-0.544367585,0.377217483,-0.034974941
2020/12/10,-0.503050069,0.336755815,-0.167427781
2020/12/11,-0.40028954,0.351229536,-0.033614301
2020/12/12,-0.394843842,0.61157793,-0.138012659
2020/12/13,-0.438161855,0.746031551,-0.020961992
2020/12/14,-0.504528438,0.876282024,-0.10604852
2020/12/15,-0.556608094,0.904400827,-0.02481258
2020/12/16,-0.132828827,1.02514986,0.051939945
2020/12/17,-0.082805177,1.10032902,-0.07741988
2020/12/18,-0.098472544,1.114686481,-0.000618501
2020/12/19,-0.17571106,1.146166983,-0.030110655
2020/12/20,-0.046958393,1.162466223,-0.501668162
2020/12/21,0.006927515,1.318524488,0.226314966
2020/12/22,-0.116982218,1.475417112,0.272178572
2020/12/23,-0.070133339,1.433656484,0.22704631
2020/12/24,-0.039894076,1.313015582,0.33787872
2020/12/25,-0.170037137,1.288023919,0.489568357
2020/12/26,0.276247696,1.269681536,0.581418427
2020/12/27,0.28272698,1.24773633,0.633897701
2020/12/28,0.294577448,1.28481536,0.615621579
2020/12/29,0.342101455,1.361472108,0.556129027
2020/12/30,0.273292198,1.379230856,0.537567207
2020/12/31,0.348353264,1.535921177,0.593288932
2021/01/01,0.376160724,1.805228594,0.580926427
2021/01/02,0.428780656,1.935507846,0.59172138
2021/01/03,0.478958047,1.595972014,0.584325946
2021/01/04,0.517419308,1.554679651,0.627461227
2021/01/05,0.395678433,2.100950434,0.63894726
2021/01/06,0.284535792,1.752342219,0.637016472
2021/01/07,0.326854128,1.644656665,0.731873282
2021/01/08,0.26020838,1.659674045,0.651185773
2021/01/09,0.265278595,1.948216076,0.700966695
2021/01/10,0.063460676,1.991349346,0.693147777
2021/01/11,-0.199217292,1.987633353,0.693277972
2021/01/12,-0.162519497,1.685382027,0.554635199
2021/01/13,-0.173855743,1.70371564,0.571671849
2021/01/14,-0.258205434,1.583674425,0.694405362
2021/01/15,-0.254314809,0.876157962,0.658050052
2021/01/16,-0.127704092,0.870427469,0.710726956
2021/01/17,-0.073151372,0.865524339,0.692049843
2021/01/18,-0.056258787,0.851135807,0.62498802
2021/01/19,-0.05784701,0.714412266,1.789360724
2021/01/20,-0.070587708,0.662717371,0.989609589
2021/01/21,-0.63830319,0.473296968,0.942185269
2021/01/22,-0.736612435,0.62420985,0.825678293
2021/01/23,-0.634637649,0.633217669,0.819135556
2021/01/24,-0.586817549,0.658489101,0.828492624
2021/01/25,-0.547624185,0.676589361,0.8729894
2021/01/26,-0.574294385,0.701498245,0.711299921
2021/01/27,-0.433118683,0.718621266,0.72255192
2021/01/28,-0.385677744,0.671740673,0.725238159
2021/01/29,-0.363436416,0.573179517,0.735853833
2021/01/30,-0.350013764,0.532045345,0.79878287
2021/01/31,-0.265717639,0.525096246,0.723437045
2021/02/01,-0.29369477,0.518156109,0.564266302
2021/02/02,-0.315498011,0.462880875,0.454065828
2021/02/03,-0.425529566,0.370314565,0.245126559
2021/02/04,-0.339748186,-0.033428808,0.26062961
2021/02/05,-0.383620452,-0.206690909,0.188271138
2021/02/06,-0.401217634,-0.202384392,0.191258893
2021/02/07,-0.330228922,-0.27477942,0.289690165
2021/02/08,0.339723409,-0.322075606,0.239827873
2021/02/09,0.282059085,-0.252988425,0.239064118
2021/02/10,0.319349068,-0.306469497,0.234288911
2021/02/11,0.179895325,-0.360094118,0.345099991
2021/02/12,0.273999655,-0.444666904,0.32308752
2021/02/13,0.376149169,-0.615396467,0.356952516
2021/02/14,0.293761986,-0.417884258,0.396796632
2021/02/15,0.291608295,-0.47068406,0.353892395
2021/02/16,0.222892932,-0.531097454,0.286866564
2021/02/17,0.170211389,-0.603515214,0.312121149
2021/02/18,0.161122412,-0.490774356,0.220548518
2021/02/19,0.039562552,-0.503778223,0.194072359
2021/02/20,1.116118484,-0.525591568,0.084803301
2021/02/21,1.238236655,-0.675591322,0.096506968
2021/02/22,1.073590312,-0.788102949,-0.035947844
2021/02/23,0.563201396,-0.876548327,-0.143153804
2021/02/24,0.53326219,-0.655745158,-0.248693748
2021/02/25,0.536460149,-0.645031403,-0.23214274
2021/02/26,0.617829368,-0.905633622,-0.204631237
2021/02/27,0.75601061,-0.922028366,-0.084651597
2021/02/28,0.833379381,-0.889352948,-0.126310086
2021/03/01,0.691903052,-0.948078957,-0.181701643
2021/03/02,0.695875357,-0.925277918,-0.287089389
2021/03/03,0.62825875,-1.008951788,-0.280408911
2021/03/04,0.758518222,-1.001893395,-0.317295122
2021/03/05,0.860533271,-1.026302963,-0.36045525
2021/03/06,0.842030963,-0.997324943,-0.264505796
2021/03/07,0.811387892,-0.908045719,-0.278956154
2021/03/08,0.832148386,-0.823734515,-0.158853544
2021/03/09,0.715315478,-0.672990061,-0.145395465
2021/03/10,-0.236987077,-0.649859334,-0.121954171
2021/03/11,-0.288741917,-0.782567107,-0.17913381
2021/03/12,-0.334257189,-0.725433943,-0.097108795
2021/03/13,-0.329366684,-0.768307318,-0.173764125
2021/03/14,-0.286479168,-0.645830332,-0.084461746
2021/03/15,-0.254373159,-0.568466861,-0.20584636
2021/03/16,-0.224995739,-0.53092458,-0.254952402
2021/03/17,-0.330864874,-0.548842189,-0.180254906
2021/03/18,-0.234794861,-0.683629228,-0.176933474
2021/03/19,-0.19629163,-0.609260208,-0.12096798
2021/03/20,-0.216997746,-0.690586253,-0.106915987
2021/03/21,-0.231751615,-0.616712141,-0.052076427
2021/03/22,-0.146253604,-0.548766852,0.16806645
2021/03/23,-0.103475202,-0.413557109,0.261728181
2021/03/24,-0.090593725,-0.407170721,0.385147803
2021/03/25,0.45157169,-0.316452587,0.46301343
2021/03/26,0.422814683,-0.445630923,0.415785146
2021/03/27,0.417758405,-0.516877967,0.415801194
2021/03/28,0.386709012,-0.423539566,0.413289431
2021/03/29,0.290306952,-0.353237477,0.288088077
2021/03/30,0.196290431,-0.250328625,0.294891893
2021/03/31,-0.090731417,-0.13782106,0.387688485
2021/04/01,-0.156507998,-0.206158842,0.465663325
2021/04/02,-0.096362129,-0.136884509,0.490799152
2021/04/03,-0.074608848,-0.073572946,0.380088462
2021/04/04,-0.11293399,-0.293838819,0.235039444
2021/04/05,-0.131468908,-0.262655073,0.148069353
2021/04/06,-0.020723658,-0.270328436,0.188853735
2021/04/07,0.085036846,-0.298448035,0.134641064
2021/04/08,0.061769236,-0.291240148,0.033510109
2021/04/09,0.133532427,-0.38052113,0.020420906
2021/04/10,0.138402299,-0.337966999,0.111196585
2021/04/11,0.086863807,-0.302466748,-0.001266746
2021/04/12,-0.073191183,-0.3214458,-0.013492171
2021/04/13,-0.04009815,-0.362928488,-0.070470795
2021/04/14,0.177590376,-0.043964934,-0.10100485
2021/04/15,0.227184805,0.000309116,-0.033389812
2021/04/16,0.360407853,0.108740431,-0.044937493
2021/04/17,0.35677029,1.327418573,-0.001581513
2021/04/18,-0.099341763,1.298512284,0.109410863
2021/04/19,-0.070332477,1.269072656,-0.020753856
2021/04/20,-0.159341455,0.582281738,-0.061997312
2021/04/21,-0.11926991,0.46756096,-0.521178308
2021/04/22,-0.037525135,0.634439208,-0.484247662
2021/04/23,-0.068744432,0.63228757,-0.577932427
2021/04/24,-0.068451781,0.558958697,-0.559842388
2021/04/25,-0.264990151,0.387283032,-0.935503737
2021/04/26,0.641389922,0.33043313,-0.857783219
2021/04/27,0.57670358,0.237717119,-0.814850999
2021/04/28,0.687715782,0.604841438,-0.648262501
2021/04/29,0.810840611,0.507830263,-0.680572321
2021/04/30,0.790716326,0.299739268,-0.673855727
2021/05/01,0.795952503,0.307048105,-0.733850222
2021/05/02,0.855000347,0.235990944,-0.719118989
2021/05/03,0.780568728,0.136195373,-0.718275417
2021/05/04,0.675838653,0.079593085,-0.788695814
2021/05/05,0.634896579,0.274521401,-0.828091286
2021/05/06,0.640259887,0.234599824,-0.829548036
2021/05/07,0.548817313,0.162651574,-0.746338613
2021/05/08,0.579222018,0.120749041,-1.575113267
2021/05/09,0.599739123,0.07474963,-1.5108145
2021/05/10,0.71243851,0.056249102,-1.126008666
2021/05/11,0.688045366,-0.113041438,-1.122241577
2021/05/12,-0.259970269,-0.155973677,-1.023592659
2021/05/13,-0.279657848,-0.097304875,-1.055249785
2021/05/14,-0.300473622,-0.022403184,-0.994829108
2021/05/15,-0.190785729,-0.107827795,-1.043168238
2021/05/16,-0.239058785,-0.192741763,-0.970455327
2021/05/17,-0.167987456,-0.23199878,-0.998334469
2021/05/18,-0.22541889,-0.171286429,-1.095016464
2021/05/19,-0.543755854,-0.262109114,-1.09888686
2021/05/20,-0.329053416,-0.202840176,-1.052476588
2021/05/21,-0.30894988,-0.140532213,-1.051965305
2021/05/22,-0.392852969,-0.220074619,-0.980877837
2021/05/23,-0.304492813,-0.199181495,-0.952032019
2021/05/24,-0.211649608,-0.201886428,-1.01892462
2021/05/25,-0.234425299,-0.138946621,-1.13432866
2021/05/26,-0.334539475,-0.173214621,-1.201570397
2021/05/27,-0.269936167,-0.119159995,-1.158769728
2021/05/28,-0.171898338,-0.234737385,-1.32856228
2021/05/29,-0.159118906,-0.193113125,-1.185870675
2021/05/30,-0.206840549,-0.195806877,-1.11942894
2021/05/31,-0.236659744,-0.135455683,-1.114462263
2021/06/01,-0.242821788,0.155757369,-1.149462225
2021/06/02,-0.257533549,0.117574786,-1.130913758
2021/06/03,-0.399108263,0.125577129,-1.116183415
2021/06/04,-0.316677934,0.002219881,-1.219005666
2021/06/05,-0.281766448,0.045525167,-1.083525728
2021/06/06,-0.272373038,0.131576601,-1.148469423
2021/06/07,-0.13909895,0.140980231,0.600983717
2021/06/08,-0.15110636,0.105922786,0.713445024
2021/06/09,-0.06988002,0.132587383,-0.226751127
2021/06/10,-0.018905869,0.320139933,-0.205305629
2021/06/11,0.083717189,0.368665971,-0.348530733
2021/06/12,0.179764674,0.375495419,-0.496149977
2021/06/13,0.183153738,0.087788929,-0.580321316
2021/06/14,0.062592674,0.130085694,-0.532157215
2021/06/15,0.04303325,0.105755384,-0.486625861
2021/06/16,0.039906035,0.211382182,-0.47200428
2021/06/17,0.028033035,-0.251275924,-0.447278202
2021/06/18,0.479441789,-0.359400096,-0.306549096
2021/06/19,0.53545865,-0.400699611,-0.267317796
2021/06/20,0.606180638,-0.447357428,-0.206120956
2021/06/21,0.333941263,-0.484290721,-0.240016221
2021/06/22,0.251025751,-0.519828657,-0.302568883
2021/06/23,0.072606556,-0.513907156,-0.521250449
2021/06/24,0.004534862,-0.652854504,-0.515822444
2021/06/25,0.054494169,-0.620531676,-0.446053494
2021/06/26,-0.022357688,-0.545696539,-0.394248051
2021/06/27,-0.112213877,-0.446308863,-0.31884333
2021/06/28,-0.157892932,-0.370935963,0.780933834
2021/06/29,-0.16673635,-0.334425195,0.748956698
2021/06/30,-0.057588738,-0.384528322,0.865325185
2021/07/01,-0.020660514,-1.201057187,0.825234832
2021/07/02,0.004128486,-1.439264914,0.799431155
2021/07/03,0.024278165,-1.438488057,0.823991139
2021/07/04,-0.085668168,-1.420959709,0.869153487
2021/07/05,-0.078679734,-1.434226859,0.776815238
2021/07/06,-0.089644839,-1.340791072,0.802013872
2021/07/07,-0.133687813,-1.186466448,0.862708419
2021/07/08,-0.081350439,-1.109812404,0.864321341
2021/07/09,-0.437441999,-1.00103228,0.957104707
2021/07/10,-0.459972087,-0.999893485,0.951061165
2021/07/11,-0.465247108,-1.010935756,1.040840524
2021/07/12,-0.490778804,-0.996807334,0.934875028
2021/07/13,-0.865023409,-0.910314524,0.95358505
2021/07/14,-0.852195769,-0.755395735,0.962847018
2021/07/15,-0.751849513,-0.662377381,1.000696793
2021/07/16,-0.861241296,-0.590561359,1.156158019
2021/07/17,-0.888159216,-0.558334314,1.135439317
2021/07/18,-1.066378324,-0.394129316,1.092562203
2021/07/19,-0.979510093,-0.271771883,0.990962168
2021/07/20,-0.872300291,-0.2748723,1.162222593
2021/07/21,-0.108601195,0.402651191,1.11060734
2021/07/22,-0.065581544,0.533101045,1.101186192
2021/07/23,-0.064188904,0.577305644,1.484416479
2021/07/24,-0.055126853,0.577818716,1.649540641
2021/07/25,0.469510783,0.540355651,1.527672776
2021/07/26,0.433947381,0.408288626,1.383694729
2021/07/27,0.299758763,0.398568745,1.573232549
2021/07/28,0.229979859,0.264047801,0.02000599
2021/07/29,0.329364622,0.161784833,0.088706997
2021/07/30,0.215829317,0.266291147,0.132117614
2021/07/31,0.289154282,0.340314248,0.121326146
2021/08/01,0.297279667,0.360184995,0.108151782
2021/08/02,0.411925261,0.376931935,0.070202051
2021/08/03,0.510096711,0.329613044,0.099967345
2021/08/04,0.439613893,0.377190708,0.083164746
2021/08/05,0.396771125,0.463707849,0.056554886
2021/08/06,0.259829804,0.355548324,0.056159301
2021/08/07,0.129714164,0.344771865,0.1105545
2021/08/08,0.248261407,0.451859507,0.067350346
2021/08/09,0.134812688,0.48214131,0.005250642
2021/08/10,0.231262334,0.394149927,-0.069978275
2021/08/11,0.221142797,0.322043461,0.027621595
2021/08/12,0.217439774,0.31722266,0.03528737
2021/08/13,0.187209954,0.33647235,-0.05159281
2021/08/14,0.207322575,0.348300723,-0.633087117
2021/08/15,0.189707007,0.482775282,-0.400168173
2021/08/16,0.220238543,0.492544353,-0.436517361
2021/08/17,0.258604185,0.512488226,-0.55984124
2021/08/18,0.243379319,0.458413692,-0.428739115
2021/08/19,0.136792515,0.066794201,-0.402084501
2021/08/20,0.05916099,-0.554068129,-0.405499962
2021/08/21,0.09472359,-0.651678419,-0.389836137
2021/08/22,0.179970442,-0.700884986,-0.341339054
2021/08/23,0.232693208,-0.691076864,-0.409190315
2021/08/24,0.301632581,-0.647391697,-0.451675546
2021/08/25,0.332265481,-0.641445324,-0.309798978
2021/08/26,0.409289741,-0.616042658,-0.325428423
2021/08/27,0.344648315,-0.397417243,-0.364163481
2021/08/28,0.354191182,-0.334878344,-0.448076494
2021/08/29,0.462508264,-0.400394597,-0.359753853
2021/08/30,0.439149645,-0.388437397,-0.486729853
2021/08/31,0.44058959,-0.322938392,-0.507048218
2021/09/01,0.301535972,-0.261657779,-0.386343484
2021/09/02,0.243702875,-0.153554283,-0.514974376
2021/09/03,0.308593401,-0.127830488,-0.451785482
2021/09/04,0.405710572,-0.071720709,-0.355947311
2021/09/05,0.409956659,-0.031105204,-0.412741445
2021/09/06,0.466425024,-0.07368788,-0.494313851
2021/09/07,-0.802253547,-0.074179186,-0.638590152
2021/09/08,-0.816726442,-0.036290426,-0.548234174
2021/09/09,-0.89174845,0.036199391,-0.501239161
2021/09/10,-0.784607434,0.104532628,-0.540970948
2021/09/11,-0.889434549,-0.016624844,-0.570341748
2021/09/12,-1.303478213,-0.141188565,-0.499781579
2021/09/13,-1.262071678,-0.255638204,0.413064796
2021/09/14,-1.192908462,-0.231472218,0.036806376
2021/09/15,-1.315150025,-0.00847265,0.069793586
2021/09/16,-1.404279343,-0.002176672,0.047224274
2021/09/17,-1.354783196,0.023773938,-0.059310071
2021/09/18,-1.422303519,0.809313207,-0.062309798
2021/09/19,-1.534042701,0.857097769,-0.030159406
2021/09/20,-1.445881002,0.991890823,-0.034853251
2021/09/21,-1.248314244,1.003735546,-0.161076696
2021/09/22,-0.970867346,1.009920421,-0.294534079
2021/09/23,-1.111178229,1.007709261,-0.411141622
2021/09/24,-0.94393006,1.014048734,-0.397465991
2021/09/25,-1.063751577,0.921998775,-0.574583541
2021/09/26,-1.113388528,0.981661602,-0.577651877
2021/09/27,-1.051228018,0.868730863,-0.562407935
2021/09/28,-0.966161679,0.830796706,-0.669671387
2021/09/29,-1.103665651,0.832005726,-0.522544942
2021/09/30,-1.030405081,0.843557258,-0.550587896
2021/10/01,-0.583365983,0.684719701,-0.483696051
2021/10/02,-0.539995101,0.78027383,-0.394766632
2021/10/03,-0.532919989,0.715034513,-0.344158412
2021/10/04,-0.573824485,0.669471201,-0.484394758
2021/10/05,-0.559500136,0.579547551,-0.305587969
2021/10/06,-0.481599385,0.514146272,-0.372725403
2021/10/07,-0.015576139,0.439931736,-0.311973326
2021/10/08,-0.060340479,0.364369922,-0.324542736
2021/10/09,-0.090271135,0.352609437,-0.304465279
2021/10/10,-0.140364808,0.345152475,-0.257207043
2021/10/11,-0.201915188,0.417777467,-0.248120723
2021/10/12,-0.100835741,0.487437347,-0.353141895
2021/10/13,-0.211354653,0.558272103,-0.323505865
2021/10/14,-0.126032253,0.477422104,-0.310796098
2021/10/15,-0.097453579,0.401366041,-0.366259349
2021/10/16,-0.090340077,0.425509368,-0.400698551
2021/10/17,-0.143705657,0.503108804,-0.40191268
2021/10/18,-0.110444169,0.550171713,-0.293643545
2021/10/19,-0.23437916,0.558356652,-0.377301172
2021/10/20,0.282031887,0.600864457,-0.246007115
2021/10/21,0.209374684,0.143909357,-0.229510414
2021/10/22,0.326986062,0.03343203,-0.282580799
2021/10/23,0.381820511,-0.255151329,-0.19380122
2021/10/24,0.481528563,-0.255940689,-0.111184661
2021/10/25,0.373763299,-0.204378728,-0.226390632
2021/10/26,0.347112445,-0.122977645,-0.306080785
2021/10/27,0.332939699,-0.408201828,-0.186450672
2021/10/28,0.216860979,-0.407885568,-0.110441966
2021/10/29,0.177104964,-0.379403281,-0.106372172
2021/10/30,0.307373285,-0.478046004,-0.022148355
2021/10/31,0.092563274,-0.665401326,-0.131972878
2021/11/01,0.084359961,-0.657177787,-0.224236101
2021/11/02,0.019044666,-0.517201375,-0.193522426
2021/11/03,0.092282081,-0.38114452,-0.162548372
2021/11/04,0.227270595,-0.322281478,-0.222136329
2021/11/05,0.134947065,-0.408784473,-0.134722268
2021/11/06,0.063884458,-0.370830897,-0.075207911
2021/11/07,-0.012338301,-1.311635218,-0.177572222
2021/11/08,0.097045447,-1.333879531,-0.231701842
2021/11/09,0.111197799,-1.340227403,-0.35520207
2021/11/10,0.230969817,-1.256410695,-0.363530603
2021/11/11,0.189631923,-1.225956687,-0.225109364
2021/11/12,0.304839776,-1.137362656,-0.233998314
2021/11/13,0.282889301,-1.237319342,-0.238409587
2021/11/14,0.012522983,-1.269918556,-0.150578997
2021/11/15,0.030357831,-1.287629587,0.238461254
2021/11/16,-0.000125146,-1.298613178,0.315367877
2021/11/17,0.014585711,-1.123957951,0.043183321
2021/11/18,0.026759177,-1.016296028,0.007655493
2021/11/19,0.029930408,-1.370610616,0.011641581
2021/11/20,0.018520558,-1.617266505,0.010265447
2021/11/21,0.002381971,-1.618439235,0.04241825
2021/11/22,0.092779933,-1.622596861,0.275928506
2021/11/23,0.004216115,-0.870145442,0.291127192
2021/11/24,0.130488115,-0.864630823,0.357496744
2021/11/25,0.026973571,-0.847912729,0.390923294
2021/11/26,-0.185647383,-1.523352355,0.372660083
2021/11/27,-0.206033214,-1.523180816,0.365810193
2021/11/28,-0.152228593,-1.649658086,0.367861499
2021/11/29,-0.201612607,-1.647871359,0.261949276
2021/11/30,-0.185810909,-1.421103625,0.243676393
2021/12/01,-0.216835842,-1.391064609,0.343018691
2021/12/02,-0.136002536,-1.34877695,0.294504017
2021/12/03,-0.093550639,-1.40005989,0.300420755
2021/12/04,-0.345318003,-1.416268889,0.441038277
2021/12/05,-0.369760028,-1.465281525,0.351205505
2021/12/06,-0.386994914,-1.471130356,0.467155377
2021/12/07,-0.364857422,-1.258309053,0.465128411
2021/12/08,-0.689816263,-1.243669763,0.50625722
2021/12/09,-0.57387329,-1.12350546,0.661651008
2021/12/10,-0.646264074,-1.325371585,0.663745948
2021/12/11,-0.553320549,-1.26213598,0.65296588
2021/12/12,-0.612462031,-1.234442591,0.737862159
2021/12/13,-0.494451533,-1.148456388,0.61680132
2021/12/14,-0.467023164,-1.113896304,0.544781972
2021/12/15,-0.483522494,-1.061437146,0.566737443
2021/12/16,-0.53353363,-1.056358669,0.439584764
2021/12/17,-0.434000931,-0.992219167,0.497096664
2021/12/18,-0.580259293,-1.020158264,0.569729485
2021/12/19,-0.543354366,-1.065624846,0.569424295
2021/12/20,-0.531826365,-1.006711995,0.789431308
2021/12/21,-0.548721395,-0.709517604,0.62570604
2021/12/22,-0.650220112,-0.72728151,-0.014453553
2021/12/23,-0.596346587,-0.900222142,-0.066715441
2021/12/24,-0.670087771,-0.863345551,-0.045494803
2021/12/25,-0.613303413,-0.890377726,-0.360482959
2021/12/26,-0.721487311,0.283993812,-0.440278816
2021/12/27,-0.673434152,0.267848079,-0.453610726
2021/12/28,-0.607389354,0.29954702,-0.476924855
2021/12/29,-0.506924272,0.36222603,-0.357687484
2021/12/30,-0.578805161,0.587370154,0.371572155
2021/12/31,-0.508946,0.535882532,0.376717243
2022/01/01,-0.570305284,0.559291722,0.428575827
2022/01/02,-0.674371567,0.468370665,0.510241606
2022/01/03,-0.42319488,0.471578385,0.387404754
2022/01/04,-0.366828561,0.852097228,0.334207763
2022/01/05,-0.251242094,0.873076239,0.383228101
2022/01/06,-0.211078297,0.864091492,0.526572475
2022/01/07,-0.124631992,0.7200836,0.381849091
2022/01/08,-0.174639872,0.773980617,0.156316682
2022/01/09,-0.221293803,0.819649511,0.153885638
2022/01/10,-0.263364975,0.821193973,0.022209154
2022/01/11,-0.264789427,0.781076364,-0.079410033
2022/01/12,-0.115947606,0.668276742,0.009432825
2022/01/13,-0.042723176,0.667777378,-0.017389882
2022/01/14,-0.196195721,0.516457629,-0.045093271
2022/01/15,-0.297568625,0.62395715,0.093569331
2022/01/16,-0.393993415,1.358566033,0.101105699
2022/01/17,-0.268435214,1.391605948,0.036085467
2022/01/18,-0.293222259,1.424378983,-0.058009455
2022/01/19,-0.213917159,1.451356903,-0.099580928
2022/01/20,-0.275984206,1.481081725,-0.007851214
2022/01/21,-1.3050519,0.753814755,-0.004902599
2022/01/22,-1.452444663,0.803016049,0.027876175
2022/01/23,-1.260292588,0.811366715,0.078069085
2022/01/24,-1.279238288,0.863601463,0.087186537
2022/01/25,-1.27888989,0.930918513,0.013401021
2022/01/26,-1.280164836,0.884770746,0.116019416
2022/01/27,-1.522775463,0.823991353,0.066924224
2022/01/28,-1.613785567,0.814721117,0.0635796
2022/01/29,-1.626747252,0.803752626,-0.287739998
2022/01/30,-1.686865085,0.813537331,-0.493841776
2022/01/31,-1.78838925,0.846267947,-0.523305155
2022/02/01,-1.815251219,0.769783623,-0.661490523
2022/02/02,-1.64696843,0.795765282,-0.656383205
2022/02/03,-1.694164896,0.874806,-0.533893076
2022/02/04,0.01165485,0.754980997,-0.420823105
2022/02/05,-0.012356892,0.86170623,-0.385291405
2022/02/06,-0.145540944,0.979974185,-0.386586799
2022/02/07,-0.198455043,0.950880749,-0.34753221
2022/02/08,-0.204612344,0.675196654,-0.242028269
2022/02/09,-0.226437095,0.585033922,-0.140638541
2022/02/10,-0.119771696,0.654968339,-0.067223978
2022/02/11,0.012479127,0.644061199,-0.153004849
2022/02/12,-0.047758909,0.651476655,-0.071977552
2022/02/13,-0.009290579,0.815968184,-0.097568492
2022/02/14,-0.031366275,0.850525564,-0.232644381
2022/02/15,-0.090029379,0.868544838,-0.344501985
2022/02/16,-0.104890919,0.776838255,-0.397328877
2022/02/17,-0.211876079,0.834835496,-0.355140435
2022/02/18,-0.218364154,0.845634799,-0.330268572
2022/02/19,-0.292372132,0.822630975,-0.272820661
2022/02/20,0.58133864,1.063693494,-0.134744581
2022/02/21,0.596669003,1.05147089,-0.227736205
2022/02/22,0.602175264,1.047920181,-0.3381605
2022/02/23,0.678681223,0.987044875,-0.344302772
2022/02/24,0.615484748,0.779724043,-0.249665108
2022/02/25,0.532372942,0.828346478,-0.331582716
2022/02/26,0.565751738,0.865186321,-0.272738116
2022/02/27,0.652037355,0.795367827,-0.270027514
2022/02/28,1.244636381,0.767200715,-0.235429377
2022/03/01,1.155920695,0.746620493,0.071439786
2022/03/02,1.212017469,0.774551503,0.114135841
2022/03/03,1.239595674,0.793513371,0.217077287
2022/03/04,0.98653363,0.733541055,0.324280845
2022/03/05,0.983301529,0.648809834,0.290109466
2022/03/06,0.994687054,0.725852708,0.34115414
2022/03/07,1.014265459,0.703114174,0.294723834
2022/03/08,1.032497033,0.611245193,0.40565633
2022/03/09,1.010349428,0.459605576,0.389511266
2022/03/10,0.984350279,0.47956012,0.295332643
2022/03/11,1.033640985,0.602684221,0.202747982
2022/03/12,0.988610205,0.608483886,0.232648318
2022/03/13,0.988872926,0.745541145,0.343717187
2022/03/14,0.858268868,0.744918986,0.234096805
2022/03/15,0.874581953,0.460796487,0.234847659
2022/03/16,0.786795226,0.430200646,0.236247181
2022/03/17,0.911585383,0.4834817,0.31606036
2022/03/18,0.826168358,0.58282845,0.314181861
2022/03/19,1.000932344,0.460352444,0.361527019
2022/03/20,1.010114305,0.334379087,0.414572723
2022/03/21,1.025527659,0.244367548,0.282678005
2022/03/22,0.92910312,0.262852413,0.237093538
2022/03/23,0.878547601,0.154649507,0.293535196
2022/03/24,0.901064687,0.105471806,0.317809585
2022/03/25,0.852475646,0.043690775,0.378911163
2022/03/26,0.923127664,0.0572919,0.39327299
2022/03/27,0.849054165,0.150387549,0.533439005
2022/03/28,0.827191025,0.221578765,0.386849885
2022/03/29,0.804357344,0.283065174,0.539704946
2022/03/30,-0.230371045,0.211646479,0.440457264
2022/03/31,-0.091170495,0.272621339,0.46930458
2022/04/01,-0.170250641,0.113649812,0.518462475
2022/04/02,-0.214652055,0.058633724,0.468008059
2022/04/03,0.295945967,0.117029793,0.338520063
2022/04/04,0.307528099,0.162280572,0.364802681
2022/04/05,0.311299313,0.261313241,0.276601384
2022/04/06,0.140153632,0.296567102,0.322726715
2022/04/07,0.176821792,0.344156659,0.233113231
2022/04/08,-0.253061915,0.437811077,0.215026566
2022/04/09,-0.012092267,0.586554061,0.328909893
2022/04/10,-0.01782435,0.586647878,0.433266656
2022/04/11,-0.347592054,0.586690774,0.293128315
2022/04/12,-0.486596777,0.438463784,0.261810842
2022/04/13,-0.626816618,0.295861931,0.061507761
2022/04/14,-0.558018894,0.647989704,0.009135352
2022/04/15,-0.715265837,0.639997901,0.055915913
2022/04/16,-0.722222448,0.500803947,0.061703335
2022/04/17,-0.603472957,0.461095449,0.092529316
2022/04/18,-0.591931656,0.545798726,0.086587819
2022/04/19,-0.732684379,0.683095965,0.042496486
2022/04/20,-0.73742659,0.744742823,-0.113468069
2022/04/21,-0.64201409,0.288043854,-0.04686881
2022/04/22,-0.518999671,-0.041740911,0.324933688
2022/04/23,-0.468458157,0.046492993,0.20449736
2022/04/24,-0.438507611,0.092914283,-0.367925339
2022/04/25,-0.446995097,0.107688368,1.249322215
2022/04/26,-0.800633957,0.045417549,1.237605768
2022/04/27,-0.727450134,-0.076034181,1.31682593
2022/04/28,-0.730634554,0.118139665,1.297362274
2022/04/29,-0.641192566,0.238418483,1.328226916
2022/04/30,-0.672156846,0.157943056,1.317329401
2022/05/01,-0.664165659,0.208951431,0.987953402
2022/05/02,-0.704371952,0.199987061,0.892916515
2022/05/03,-0.595870524,0.304475556,0.838986506
2022/05/04,-0.331734459,0.411468086,0.788532819
2022/05/05,-0.59179862,0.410551003,0.879030704
2022/05/06,-0.669833783,0.320648952,0.799014761
2022/05/07,-0.598617384,0.327791663,0.89063436
2022/05/08,-0.57008359,0.387363587,0.867053966
2022/05/09,-1.013699367,0.349294939,0.730237835
2022/05/10,-1.043351558,0.274021151,0.708151044
2022/05/11,-1.042984521,0.149222996,0.722988422
2022/05/12,-1.038786876,0.273961094,0.779850396
2022/05/13,-1.060223536,0.370794522,0.806722525
2022/05/14,-1.137831807,0.326335812,0.809989009
2022/05/15,-1.062670081,0.27766086,0.779950044
2022/05/16,-0.924512124,0.250452831,0.662505257
2022/05/17,-0.986671929,0.19212097,0.636871293
2022/05/18,-0.827661589,0.254351553,0.728286969
2022/05/19,-0.687683061,0.241672836,0.727834188
2022/05/20,-0.594089902,0.248207571,0.731524081
2022/05/21,-0.660060313,0.164607483,0.710642904
2022/05/22,-0.723686315,0.146501556,0.87144019
2022/05/23,-0.629738,0.045705188,0.732382174
2022/05/24,-0.653674832,0.00500716,0.924711599
2022/05/25,-0.625328869,-0.132940709,-0.145626107
2022/05/26,-0.740541324,-0.211242002,-0.18777565
2022/05/27,-0.668695339,-0.20647537,-0.18642562
2022/05/28,-0.661476705,-0.169121244,-0.133563776
2022/05/29,-0.762828742,-0.222085512,-0.099243939
2022/05/30,-0.59280569,-0.220420971,-0.123211233
2022/05/31,-0.566182648,-0.159448414,0.114081533
2022/06/01,-0.443469931,-0.196072391,0.232597336
2022/06/02,-0.525208332,-0.191775043,0.358131366
2022/06/03,-0.475887161,-0.425306974,0.369417635
2022/06/04,-0.574221024,-0.509674531,0.391123975
2022/06/05,-0.618737615,-0.496677208,0.500182007
2022/06/06,-0.650282004,-0.491072705,0.742447718
2022/06/07,-0.741524514,-0.328554469,0.780022191
2022/06/08,-0.197613951,0.065541778,0.87400723
2022/06/09,-0.131288698,-0.215241052,0.901097447
2022/06/10,0.019008796,-0.268231062,1.008034953
2022/06/11,0.095143584,-0.28390357,0.950975229
2022/06/12,0.124882505,-0.709250025,0.999728412
2022/06/13,-1.326106589,-0.554689664,0.997779533
2022/06/14,-1.332619515,-0.490134494,0.998337549
2022/06/15,-1.477664179,-0.345518557,1.167241362
2022/06/16,-1.244845808,-1.121815016,1.111917686
2022/06/17,-1.404389876,-1.432566612,1.131069669
2022/06/18,-1.327680186,-1.445476666,1.159016293
2022/06/19,-1.122165134,-1.442107477,1.057689067
2022/06/20,-1.115918333,-1.442832752,0.899488066
2022/06/21,-1.118559102,-0.944101011,0.919934062
2022/06/22,-1.134410707,-0.77863397,1.049182068
2022/06/23,-1.057236511,-0.64204363,1.124749591
2022/06/24,-1.071335078,-0.634871168,1.095689963
2022/06/25,-1.103870042,-0.636966131,1.099904004
2022/06/26,-1.103257169,-0.637654778,1.112508723
2022/06/27,-1.06747826,-0.653312737,0.92140621
2022/06/28,-1.006475297,-0.613429494,0.805952435
2022/06/29,-1.232239868,-0.490062538,0.957259887
2022/06/30,-1.201882453,-0.465577433,1.124754729
2022/07/01,-1.315452264,-0.456388739,1.106265647
2022/07/02,-1.317037564,-0.462832291,0.889319006
2022/07/03,-1.373522106,-0.453006774,0.786774024
2022/07/04,-1.285195527,-0.463084894,0.771421519
2022/07/05,-1.279361639,-0.419718273,0.650087496
2022/07/06,-1.370443293,-0.316523859,0.509839805
2022/07/07,-1.278413114,-0.222117312,0.496931278
2022/07/08,-1.35657246,-0.215322148,0.462561875
2022/07/09,-1.351050204,-0.295383572,0.454820019
2022/07/10,-1.351877762,-0.378387569,0.418947199
2022/07/11,-1.295681999,-0.433093593,0.575363165
2022/07/12,-1.372759896,-0.414897753,0.534533088
2022/07/13,-0.232588234,-0.485945647,0.54076595
2022/07/14,-0.308991823,-0.385049871,0.545512515
2022/07/15,-0.302566982,-0.465468729,0.470148767
2022/07/16,0.225975889,-0.535244733,0.519111199
2022/07/17,0.290716458,-0.461232181,0.478174181
2022/07/18,0.747286662,-0.481642451,0.405463887
2022/07/19,0.612830479,-0.476220428,0.338726612
2022/07/20,0.638950356,-0.496810801,0.422367724
2022/07/21,0.666205168,-0.550653853,0.469476285
2022/07/22,0.716031666,-0.59916351,0.462626209
2022/07/23,0.870829045,-0.720813478,0.533783673
2022/07/24,0.872985876,-0.731994371,0.585114539
2022/07/25,0.691476255,-0.735259491,0.494462661
2022/07/26,0.665460923,-0.664623242,0.370107475
2022/07/27,0.671565219,-0.638335832,0.492711787
2022/07/28,0.520711154,-0.666701952,0.640134891
2022/07/29,0.503985326,-0.531903815,0.661627325
2022/07/30,0.488975204,-0.591390658,0.544579324
2022/07/31,0.491267747,-0.536552627,0.483338041
2022/08/01,0.490073472,-0.478017179,0.523668394
2022/08/02,0.527542483,-0.416340388,0.528019364
2022/08/03,0.668654336,-0.305919715,0.423525861
2022/08/04,0.686195879,0.357781948,0.508789727
2022/08/05,0.648881864,0.298402946,0.625032288
2022/08/06,0.809747814,0.223079401,0.658913826
2022/08/07,0.790932909,0.209675885,0.771423502
2022/08/08,0.674816663,0.16163508,0.686617137
2022/08/09,0.698644598,0.050735905,0.760490783
2022/08/10,0.662267947,-0.028603651,-0.729212145
2022/08/11,0.688652511,-0.080423677,-0.693700746
2022/08/12,0.763523493,-0.10111881,-0.751720728
2022/08/13,0.82901511,0.041138766,-0.663099072
2022/08/14,0.889322296,0.177277938,-0.647336209
2022/08/15,0.974985078,0.268514157,-0.706132261
2022/08/16,0.980145711,0.328671562,-0.644512086
2022/08/17,0.839060235,0.351330787,-0.579838737
2022/08/18,1.003488713,0.308927579,-0.4358046
2022/08/19,-0.683941236,0.374491598,-0.477496417
2022/08/20,-0.724408618,0.39107896,-0.453062346
2022/08/21,-0.832468383,0.36843168,-0.466243681
2022/08/22,-0.851016695,0.456005807,-0.449984562
2022/08/23,-0.85011897,0.591116725,-0.560934944
2022/08/24,-0.951882406,0.617520003,-0.421750244
2022/08/25,-1.003662007,0.530251524,-0.423128711
2022/08/26,-1.832759879,0.684270362,-0.367881537
2022/08/27,-2.051315636,0.679704154,-0.373664621
2022/08/28,-1.947780961,0.447206057,-0.521264708
2022/08/29,-1.783380898,0.378794363,-0.601075518
2022/08/30,-1.714284416,-0.046508754,-0.574737479
2022/08/31,-1.722572975,-0.027500369,-0.508945795
2022/09/01,-1.7925657,-0.038659197,-0.37192391
2022/09/02,-1.783446635,-0.150533627,-0.386794828
2022/09/03,-1.795275192,-0.022967759,-0.429717387
2022/09/04,-1.894030658,0.041940221,-0.400344857
2022/09/05,-1.923061234,0.05275634,-0.490049279
2022/09/06,-1.643042979,0.100868211,-0.595408792
2022/09/07,-1.66912026,0.173056871,-0.558609187
2022/09/08,-1.805845766,0.247262849,-0.454061038
2022/09/09,-0.15213569,0.248774966,-0.250364598
2022/09/10,-0.187722416,0.20664627,-0.176848661
2022/09/11,-0.155285201,0.177737723,-0.061722736
2022/09/12,-0.204035293,0.084175579,-0.145179408
2022/09/13,-0.442584444,8.33008E-05,-0.16970595
2022/09/14,-0.455872908,-0.090384479,-0.250002661
2022/09/15,-0.409310397,-0.073025263,-0.325067434
2022/09/16,-0.48359949,0.020577296,-0.347217051
2022/09/17,-0.530827943,0.070727002,-0.421222341
2022/09/18,-0.042170944,0.060333266,-0.294284813
2022/09/19,-0.022690808,0.054138288,-0.393468321
2022/09/20,0.102871375,0.097274087,-0.311935774
2022/09/21,0.137226046,0.164120841,-0.381003697
2022/09/22,0.109666049,-0.180052019,-0.364081224
2022/09/23,0.109033905,-1.627529975,-0.39584935
2022/09/24,0.190019541,-1.592149991,-0.261426664
2022/09/25,0.248432856,-1.598747715,-0.251521144
2022/09/26,0.153240621,-1.552858551,-0.18480627
2022/09/27,0.114078946,-1.51584798,-0.120037246
2022/09/28,0.138186803,-1.081807345,-0.14098878
2022/09/29,0.049932841,-1.265478605,-0.094505658
2022/09/30,0.112687446,-1.344471303,-0.143727684
2022/10/01,0.145172889,-1.459505644,-0.119903044
2022/10/02,0.162531997,-1.466322446,0.02915954
2022/10/03,0.068498544,-1.442239364,0.094858035
2022/10/04,0.020346992,-1.061405542,0.021239863
2022/10/05,0.020164995,-1.087000698,0.073916354
2022/10/06,0.030223629,-1.212804544,0.104995101
2022/10/07,0.152881536,-1.290711321,0.1774352
2022/10/08,0.180794673,-1.247196812,0.147865208
2022/10/09,-1.271171079,-1.223551352,0.193084837
2022/10/10,-1.179916951,-1.165077708,0.143269434
2022/10/11,-1.151488837,-1.043852316,0.051176401
2022/10/12,-1.210706687,-1.029098598,0.177939091
2022/10/13,0.536510495,-0.942561824,0.282327367
2022/10/14,0.569310898,-0.782868989,0.341222588
2022/10/15,0.593767807,-0.923001059,0.572166672
2022/10/16,0.553323393,-1.053780911,0.701668304
2022/10/17,0.564973169,-1.072476748,0.805041871
2022/10/18,0.800779554,-1.086074068,0.869788837
2022/10/19,0.886011218,-1.110477408,0.945531368
2022/10/20,1.187695591,-1.185278077,0.921435399
2022/10/21,1.161381991,-1.28118587,1.04571122
2022/10/22,0.974971155,-1.299645411,1.085088342
2022/10/23,0.804083972,0.363494938,0.862260192
2022/10/24,0.872508289,0.343597544,0.752512948
2022/10/25,0.856269504,0.319167282,0.619595538
2022/10/26,0.881446819,0.216346585,0.6468712
2022/10/27,0.760574793,0.238466167,0.546021833
2022/10/28,0.767909227,0.263059913,0.58685318
2022/10/29,0.744383386,0.257376704,0.193647188
2022/10/30,0.746321695,0.236459286,0.268362545
2022/10/31,0.747786813,0.351284651,0.266917633
2022/11/01,0.730155605,0.384672454,0.171092343
2022/11/02,0.866597576,0.438544307,0.153849957
2022/11/03,0.883048206,0.042862235,0.1668545
2022/11/04,0.999403529,0.039527236,0.235336559
2022/11/05,0.930024545,0.044030734,0.317807735
2022/11/06,0.976285848,-0.006761893,0.243814802
2022/11/07,0.950681535,-0.07465721,0.155028394
2022/11/08,-1.990852815,-0.081707736,0.019423597
2022/11/09,-2.652473064,-0.786437825,0.124542017
2022/11/10,-1.520985862,-0.933264458,0.227158117
2022/11/11,-1.408354349,-0.873059034,0.148113752
2022/11/12,-1.353383067,-1.29180162,0.049579097
2022/11/13,-1.30009566,-1.323229232,0.079184014
2022/11/14,-1.334884493,-1.256459182,0.464879007
2022/11/15,-1.338943526,-1.288799149,0.411009099
2022/11/16,-1.286180361,-1.116549661,0.472678756
2022/11/17,-1.316077586,-1.048980125,0.447830074
2022/11/18,-1.342518442,-0.97329005,0.506566794
2022/11/19,-1.354554928,-0.861513637,0.49437912
2022/11/20,-1.270244289,-0.954722622,0.564442692
2022/11/21,-1.176377472,-0.891832748,0.4145457
2022/11/22,-1.173675723,-0.464354868,0.431177537
2022/11/23,-1.220019795,-0.422622681,0.533844743
2022/11/24,-1.224823225,-0.418979494,0.556615738
2022/11/25,-1.213943644,-0.35528504,0.450972194
2022/11/26,-1.271063165,-0.238944688,0.480357343
2022/11/27,-1.251895993,-0.158355002,0.527782998
2022/11/28,-1.20389923,-0.09583597,0.658991901
2022/11/29,-1.239503008,-0.156739775,0.591026807
2022/11/30,-1.221673344,-0.214937192,0.727985858
2022/12/01,-1.19405615,-0.109325075,0.817536002
2022/12/02,-1.247271256,-0.125426517,0.726623357
2022/12/03,-1.216836694,-0.002361682,0.787737263
2022/12/04,-1.276852488,0.111096438,0.697858171
2022/12/05,-1.245685929,0.198896792,0.552281299
2022/12/06,-1.299741253,0.258518874,0.488221474
2022/12/07,-1.303857132,0.335079271,0.579711496
2022/12/08,-1.477036439,0.326539315,0.657376351
2022/12/09,2.005810854,1.38420268,0.657227461
2022/12/10,0.318461805,1.517564275,0.45719815
2022/12/11,0.417651736,1.524277625,0.410744689
2022/12/12,0.327201422,1.416267957,1.338051727
2022/12/13,0.361529196,1.225604587,1.338287626
2022/12/14,0.446517317,1.25364988,1.551212653
2022/12/15,0.485605135,1.439992405,1.556609856
2022/12/16,0.101213904,1.41374444,1.463862404
2022/12/17,0.059746709,1.352342133,1.479167496
2022/12/18,0.075767775,1.272415397,1.534695223
2022/12/19,0.146083778,1.200203403,1.330254005
2022/12/20,0.047240041,1.009022989,1.329170067
2022/12/21,0.113224069,0.835759095,1.409078345
2022/12/22,0.189648266,0.345513847,1.415314276
2022/12/23,0.276436711,0.452540843,1.444956911
2022/12/24,0.254973997,0.459406948,1.561300315
2022/12/25,0.228353711,0.462051632,1.713223983
2022/12/26,0.178563341,0.400400169,1.767483093
2022/12/27,0.225494113,0.273900361,1.543643561
2022/12/28,0.218265988,0.231008263,1.542893497
2022/12/29,0.261479435,0.246602611,1.59519968
2022/12/30,-0.154282669,0.295294152,1.51708106
2022/12/31,-0.206017637,0.242795906,1.458309927
2023/01/01,-0.193691007,0.181119099,1.535923584
2023/01/02,-0.290935575,0.115091126,1.320346942
2023/01/03,-0.234042714,-0.241114461,1.208661771
2023/01/04,-0.352258093,-0.263065178,1.318625857
2023/01/05,-0.299037786,-0.361578877,1.374931933
2023/01/06,-0.430818962,-0.356310307,1.379857668
2023/01/07,-0.482776119,-0.385144458,1.397621366
2023/01/08,-0.574993569,-0.46098693,1.233099119
2023/01/09,-0.615692204,-0.419058413,1.100260525
2023/01/10,-0.666406592,-0.405110305,1.127616517
2023/01/11,-0.4957028,-0.404696456,0.536373211
2023/01/12,0.272490201,-0.390672047,0.551347238
2023/01/13,0.639108635,-0.460338256,0.545440854
2023/01/14,0.757278959,-0.538629095,0.522586422
2023/01/15,1.544148422,-0.611681997,0.572616669
2023/01/16,1.507574201,-0.589125079,0.436051892
2023/01/17,1.507517435,-0.611729883,0.349977532
2023/01/18,1.429587213,-0.510603681,0.338457764
2023/01/19,1.505073686,-0.490274956,0.223093688
2023/01/20,1.565624377,-0.567011675,0.217310691
2023/01/21,1.559207284,-0.63669023,0.238801027
2023/01/22,1.558622097,-1.016478368,0.100320387
2023/01/23,1.536952326,-1.019321488,-0.015628296
2023/01/24,1.485400152,-0.955609275,-0.023918452
2023/01/25,1.395189513,-0.922979679,-0.093010495
2023/01/26,1.434193866,-0.551894604,0.023540737
2023/01/27,1.464518049,-0.502952036,-0.034492003
2023/01/28,1.470919957,-0.378647586,-0.028062087
2023/01/29,1.305933827,-0.290587458,0.084324777
2023/01/30,0.782215735,-0.226455744,-0.001998168
2023/01/31,0.747059501,-0.27538655,-0.054955917
2023/02/01,0.650010592,-0.205624413,-0.04658114
2023/02/02,0.648825366,0.202114183,-0.015576852
2023/02/03,0.688566112,0.164556404,-0.068764357
2023/02/04,0.692110654,0.272728503,-0.058387933
2023/02/05,0.700523084,0.162209442,-0.015615347
2023/02/06,0.70995988,0.188711363,-0.066734505
2023/02/07,0.645393944,0.582329664,0.036943026
2023/02/08,0.668202824,0.61932631,-0.082826271
2023/02/09,0.380325787,0.665605145,-0.088560124
2023/02/10,0.504392399,0.889096125,-0.028928904
2023/02/11,0.564677142,1.046513723,0.014022931
2023/02/12,0.638462473,1.068712673,0.04553808
2023/02/13,0.659861331,1.066712551,-0.038837006
2023/02/14,0.549420507,1.055691017,0.016989315
2023/02/15,1.195961435,1.022804498,-0.084270831
2023/02/16,1.1620856,1.104730989,-0.068870267
2023/02/17,0.997304581,0.638253,-0.087358039
2023/02/18,1.065465368,0.680391449,0.028496836
2023/02/19,1.126874498,0.77792182,0.02790034
2023/02/20,1.045433184,0.782390086,-0.059349535
2023/02/21,1.06147878,0.835491344,0.546901004
2023/02/22,1.129366515,0.897743294,0.623598533
2023/02/23,1.127348373,0.759835222,0.641395908
2023/02/24,1.194944815,0.752872693,0.770068415
2023/02/25,1.185239252,0.777204073,0.882946908
2023/02/26,1.112804834,0.687318491,1.031630755
2023/02/27,1.111233305,0.61198662,0.924181638
2023/02/28,1.301041024,0.620949599,1.052075039
2023/03/01,1.329807585,0.480390586,0.510238147
2023/03/02,1.420096859,0.460928808,0.415105776
2023/03/03,1.279431116,0.333384556,0.299905367
2023/03/04,1.246237399,0.550599352,0.36279039
2023/03/05,1.225072248,0.542078885,0.394599949
2023/03/06,1.206761814,0.522091833,0.322261834
2023/03/07,1.199119763,0.459805641,0.234102055
2023/03/08,1.200760733,0.491792823,0.372151911
2023/03/09,0.868454882,0.372482863,0.385538362
2023/03/10,0.853607877,0.400485893,0.418536525
2023/03/11,0.873500273,0.452897457,0.558058281
2023/03/12,0.876043883,-0.543955347,0.553046917
2023/03/13,0.97130156,-0.462082639,0.521907527
2023/03/14,0.884069241,-0.47467816,0.522458831
2023/03/15,0.91371027,-2.226269809,0.670661407
2023/03/16,0.882800737,-2.219494674,0.587466116
2023/03/17,0.889357306,-2.298065146,0.731131687
2023/03/18,0.900411787,-2.324811971,0.765501033
2023/03/19,0.900653314,-2.730641975,-0.063207819
2023/03/20,0.930309302,-2.711661931,0.375215752
2023/03/21,0.858323348,-1.940919702,0.367970702
2023/03/22,0.937332687,-1.823317315,0.446813716
2023/03/23,0.78861896,-1.741627928,0.542956031
2023/03/24,0.785165565,-1.774752821,0.566072846
2023/03/25,0.763286388,-1.809304856,0.454583615
2023/03/26,0.694082292,-1.826408722,-0.015986093
2023/03/27,0.706136261,-1.826409975,0.328841801
2023/03/28,0.744172951,-1.714099507,0.34482148
2023/03/29,0.624168645,-1.679443451,0.438345953
2023/03/30,0.619022955,-1.821116028,0.350593228
2023/03/31,0.637040799,-1.877633171,0.348228007
2023/04/01,0.626676039,-1.807193895,0.463433407
2023/04/02,0.724960847,-1.753882778,0.562766825
2023/04/03,0.746203134,-1.724660857,0.449409186
2023/04/04,0.715425103,-1.593665936,0.334023603
2023/04/05,0.713924415,-1.614791442,0.413124125
2023/04/06,0.706473424,-1.715400554,0.421995746
2023/04/07,0.6980854,-1.781517349,0.383110216
2023/04/08,1.137064029,-1.885419753,0.393646677
2023/04/09,1.091769948,-2.013268036,0.409264237
2023/04/10,0.998976683,-2.098922793,0.364310562
2023/04/11,1.108722622,-2.203786542,0.40318764
2023/04/12,1.064043408,-2.316554327,0.437743882
2023/04/13,1.132958289,-2.316594174,0.39588811
2023/04/14,1.123738256,0.0688709,0.381205428
2023/04/15,1.263591212,0.122319029,0.444356224
2023/04/16,0.345883694,0.139224039,0.442066688
2023/04/17,0.270686232,0.221528164,0.358131055
2023/04/18,0.220817534,0.261821501,0.374022263
2023/04/19,-0.20098031,0.344995114,0.371479066
2023/04/20,-0.070092555,-0.035628697,0.482343171
2023/04/21,-0.088786153,0.014167817,0.392742055
2023/04/22,-0.162490695,0.088233549,0.40351547
2023/04/23,-0.192378929,0.014616494,0.399057968
2023/04/24,-0.180022758,0.040728559,0.391524152
2023/04/25,-0.162391768,-0.195315817,0.533062316
2023/04/26,-0.237038087,-0.075308675,0.51671599
2023/04/27,-0.21390471,-0.090571102,0.432475397
2023/04/28,-0.222670534,-0.060062234,0.425778845
2023/04/29,-0.26052333,0.045458588,0.556941117
2023/04/30,-0.201280031,0.106843612,0.481279721
2023/05/01,-0.236733916,0.13278317,0.361685853
2023/05/02,-0.330934613,-1.99083199,0.357934771
2023/05/03,-0.445453467,-2.072179944,0.310881883
2023/05/04,-0.36535393,-2.208854962,0.414591406
2023/05/05,-0.418926182,-1.144611728,0.462295405
2023/05/06,-0.357659083,-1.240452983,0.482304568
2023/05/07,-0.309266662,-1.249202491,0.488782769
2023/05/08,-0.221494952,-1.243095372,0.487431513
2023/05/09,-0.164936265,-1.215431881,0.351081437
2023/05/10,-0.338772606,-1.131934072,0.240108325
2023/05/11,-0.202794218,-1.019942267,0.150185686
2023/05/12,-0.182293245,-1.012008401,0.202850917
2023/05/13,-0.145699698,-1.01081795,0.266686518
2023/05/14,-0.155963477,-1.014223372,0.281423425
2023/05/15,-0.218528587,-1.046970908,0.147304381
2023/05/16,-0.190871504,-0.899672791,0.140283206
2023/05/17,-0.332357138,-0.860600539,0.213531967
2023/05/18,-0.294139322,-0.857841154,0.183728978
2023/05/19,-0.024493618,-0.929649174,0.188792816
2023/05/20,-0.153288355,-0.992132021,0.18980202
2023/05/21,-0.047818343,-1.016207777,0.323800923
2023/05/22,-0.014240673,-0.988292158,0.253589222
2023/05/23,-0.124986087,-0.978734026,0.190322341
2023/05/24,-0.147357289,-0.964460303,0.121364713
2023/05/25,-0.215742146,-0.953976041,0.181566822
2023/05/26,-0.235185295,-1.013773242,0.191089258
2023/05/27,-0.641022227,-1.020740939,0.162222074
2023/05/28,-0.034194744,-1.095966711,0.116306207
2023/05/29,0.01248974,-1.124239889,0.05319468
2023/05/30,0.025913352,-1.012858645,0.238416237
2023/05/31,0.331897412,-0.874238597,0.230289013
2023/06/01,0.476941919,0.202530881,0.215348274
2023/06/02,0.462695399,0.320239887,0.353011824
2023/06/03,0.467818903,0.284109884,0.341340389
2023/06/04,0.524141988,-0.025613876,0.072883071
2023/06/05,-0.162361026,-0.006936855,0.154451392
2023/06/06,0.414604058,-0.043774757,0.083386593
2023/06/07,0.367364159,0.005932889,0.108685057
2023/06/08,0.328963435,-0.026161239,0.227585775
2023/06/09,0.327491121,-0.052327998,0.204875909
2023/06/10,0.324493885,-0.079812429,0.222919323
2023/06/11,0.271842113,-0.032194097,0.274995834
2023/06/12,0.275258135,0.015091241,0.258026372
2023/06/13,0.300047266,-0.026005165,0.201270727
2023/06/14,0.377278763,0.042649457,0.296414961
2023/06/15,0.276463596,0.149228688,0.236016956
2023/06/16,0.265598811,0.234728174,0.232106008
2023/06/17,0.167998174,0.258060512,0.322239767
2023/06/18,0.208793624,0.334233238,0.400209929
2023/06/19,0.175626956,0.326012599,0.282746912
2023/06/20,0.245491396,0.230138655,0.183099454
2023/06/21,0.327281565,0.138065648,0.257819205
2023/06/22,0.397399377,0.250469307,0.259752081
2023/06/23,0.309212647,0.318464324,-0.045246782
2023/06/24,0.346900036,0.404700282,-0.089518259
2023/06/25,0.3923899,0.35332467,-0.197672838
2023/06/26,0.437088453,0.302764196,-0.193854348
2023/06/27,0.472525426,0.317132341,-0.158431684
2023/06/28,0.474585312,0.264816628,-0.091256326
2023/06/29,0.417014277,0.182208111,-0.314161378
2023/06/30,0.373444236,0.322892353,-0.264819526
2023/07/01,0.32019495,0.381997452,-0.307552518
2023/07/02,0.384889075,-0.272823265,-0.291944392
2023/07/03,0.288138806,-0.322838027,-0.237788195
2023/07/04,0.329853136,-0.358590923,0.080179152
2023/07/05,0.777965239,-0.304882691,-0.037523382
2023/07/06,0.787484254,-0.654582374,-0.024046993
2023/07/07,0.899959135,-0.741514199,0.057250264
2023/07/08,0.93637958,-0.749016253,0.014946556
2023/07/09,0.945249789,-0.816415996,-0.007996067
2023/07/10,0.997553738,-0.883753685,-0.052730678
2023/07/11,0.979363599,-0.735491168,-0.102883306
2023/07/12,0.987071648,-0.801453076,-0.212273951
2023/07/13,0.821207606,-0.771604471,-0.187401292
2023/07/14,0.679504945,-0.907064602,-0.251603824
2023/07/15,0.77887226,-0.86474482,-0.19712983
2023/07/16,0.935795839,-0.85406715,-0.187951402
2023/07/17,0.982125778,-0.845417924,-0.017805706
2023/07/18,0.982396241,-0.887432956,-0.093536157
2023/07/19,1.090663679,-0.935068904,-0.077081829
2023/07/20,1.082268821,-1.111306143,0.023319901
2023/07/21,0.072197728,-1.133441215,0.018324515
2023/07/22,0.077370402,-1.344846519,0.023205112
2023/07/23,-0.051744016,-1.57802607,0.046348557
2023/07/24,-0.192071394,-1.575517172,0.113890474
2023/07/25,-0.221098715,-1.553857312,0.181700151
2023/07/26,-0.301384808,-1.469196773,0.180637983
2023/07/27,-0.219656466,-1.331087642,0.060404278
2023/07/28,-0.334611144,-1.295167548,0.00934191
2023/07/29,-0.297326268,-1.292909689,0.135216454
2023/07/30,-0.267050733,-1.291201013,-0.390398803
2023/07/31,-0.228888773,-1.317335254,0.659868443
2023/08/01,-0.256360319,-1.191718718,0.651301619
2023/08/02,-0.14773123,-1.017669719,0.597430627
2023/08/03,-0.241182615,-1.052863245,0.746358579
2023/08/04,-0.27965521,-1.225282417,0.678193561
2023/08/05,-0.360343122,-1.152413284,0.788327266
2023/08/06,-0.334170213,-1.372284141,0.742839496
2023/08/07,-0.380144612,-1.345140603,0.586350561
2023/08/08,-0.37551767,-1.339726989,0.621345881
2023/08/09,-0.27225879,-1.224973478,0.706333523
2023/08/10,-0.192517825,-1.520527929,0.681932558
2023/08/11,-0.243945382,-1.621775376,0.714589574
2023/08/12,-1.35379321,-1.549706423,0.706003212
2023/08/13,-0.793294771,-0.799130623,0.833993058
2023/08/14,-0.836564125,-0.77875504,0.706986979
2023/08/15,-0.751027024,-1.158281189,0.678767766
2023/08/16,-0.661380777,-1.072746865,0.811971676
2023/08/17,-2.961048315,-1.07690737,0.856546474
2023/08/18,-2.677169974,-1.077399229,0.918358161
2023/08/19,-2.693100496,-1.052028825,0.83383147
2023/08/20,-2.694269375,-1.009712633,0.839508455
2023/08/21,-2.70592245,-0.948864757,0.74391466
2023/08/22,-2.760717793,-0.80437676,0.812017151
2023/08/23,-3.028994475,-0.707607072,0.879562788
2023/08/24,-2.941758193,-0.577589469,0.891722422
2023/08/25,-2.927876309,-0.633229372,0.976523072
2023/08/26,-2.947849812,-0.783385526,0.933034263
2023/08/27,-2.949929121,-0.798347196,0.967777661
2023/08/28,-2.949782188,-0.784334728,0.853399481
2023/08/29,-0.61607058,-0.775804865,1.485530576
2023/08/30,-0.537853555,-0.775578061,0.130298664
2023/08/31,-0.5488926,-0.847087321,0.136711991
2023/09/01,-0.615214334,-0.454584092,0.223291069
2023/09/02,-0.621759703,-0.388856657,0.202151348
2023/09/03,-0.653044881,-0.321990831,0.101157977
2023/09/04,-0.62853662,-0.32484971,0.479618663
2023/09/05,-0.623042392,-0.386619693,0.546675783
2023/09/06,-0.601253306,-0.380709191,0.610877504
2023/09/07,-0.606213276,-0.32148899,0.598139454
2023/09/08,-0.574239873,-0.569155533,0.585258914
2023/09/09,-0.593432892,-0.50360823,0.659060161
2023/09/10,-0.587140892,-0.421409024,0.688233807
2023/09/11,-0.465475737,-0.425198573,0.798355569
2023/09/12,-0.466094076,-0.164207299,0.681767795
2023/09/13,-0.482688357,-0.133778316,0.814248185
2023/09/14,-0.553949668,0.843433807,0.815149532
2023/09/15,-0.643051157,0.767530556,0.829528862
2023/09/16,0.487603532,0.899794545,0.873834115
2023/09/17,0.480553925,1.001536227,0.86360933
2023/09/18,0.440447602,0.978901948,0.821440494
2023/09/19,0.37038512,0.983328922,0.755607622
2023/09/20,0.372490679,0.803232472,0.89847879
2023/09/21,0.384855608,0.510107319,0.889408308
2023/09/22,0.465683312,0.445984932,0.995729787
2023/09/23,0.420681701,0.385867728,1.009739719
2023/09/24,0.445948326,0.454604186,0.981410654
2023/09/25,0.428132948,0.452936005,1.022015946
2023/09/26,0.46368188,0.517961519,1.053396526
2023/09/27,0.436452062,0.634315292,1.108276812
2023/09/28,-1.036609512,0.686025179,1.247333457
2023/09/29,-1.134614506,0.334593855,1.258601639
2023/09/30,0.090078188,0.357825171,1.230722473
2023/10/01,0.437043541,0.396683346,1.187957308
2023/10/02,0.445819482,0.458393272,1.062960613
2023/10/03,0.498421604,0.511453423,1.328568455
2023/10/04,0.368360476,-0.378346363,1.216628008
2023/10/05,0.384338903,-0.323567086,1.285134278
2023/10/06,0.270819467,-0.361710227,1.094293083
2023/10/07,0.37173528,-0.411127824,0.876392076
2023/10/08,0.349408446,-0.401061027,0.809032386
2023/10/09,0.377886136,-0.457407231,0.696124682
2023/10/10,0.397770926,-0.522971852,0.751553383
2023/10/11,0.565455087,-0.453810442,0.194092439
2023/10/12,0.681186087,-0.549670663,0.317779647
2023/10/13,0.769040511,-0.480151184,0.221987101
2023/10/14,0.876166925,-0.51733037,0.255395831
2023/10/15,0.79742625,-0.628621366,0.276007888
2023/10/16,1.204061331,-0.641980024,0.140195928
2023/10/17,1.212852669,-0.673964,0.103924045
2023/10/18,1.290415254,-0.706207091,0.152680501
2023/10/19,1.319473016,-0.714096095,0.230855425
2023/10/20,1.115941687,-0.697710791,0.23530447
2023/10/21,1.187516694,-0.771613012,0.24123935
2023/10/22,1.176400984,-0.702424856,0.157043811
2023/10/23,2.345849761,-0.629695734,0.156387743
2023/10/24,2.24392502,-0.497872664,0.184727414
2023/10/25,2.167771564,-0.463494291,0.298531693
2023/10/26,2.140352036,-0.457282333,0.28298851
2023/10/27,2.137535892,-0.545358107,0.260513326
2023/10/28,2.272026908,-0.525325044,0.26064827
2023/10/29,2.224609543,-0.637688761,0.354828354
2023/10/30,2.227042696,-0.728448337,0.266162549
2023/10/31,2.49717467,-0.792735934,0.303083813
2023/11/01,2.465690616,-0.888494935,0.317800256
2023/11/02,2.395076664,-0.139230487,0.440401784
2023/11/03,2.4399776,0.774951908,0.43196536
2023/11/04,2.47568747,0.777811415,0.435200694
2023/11/05,2.577897056,0.891898222,0.421524715
2023/11/06,2.578315919,1.04309746,0.765403708
2023/11/07,2.537100676,0.629403519,0.889459316
2023/11/08,2.594774538,0.765727083,0.763944149
2023/11/09,2.429183943,0.853454011,0.683219149
2023/11/10,2.569923869,0.69476741,0.717962942
2023/11/11,2.567398085,0.66660844,0.703422275
2023/11/12,2.555697323,0.651050786,0.82345148
2023/11/13,2.4274186,0.647265162,0.787757208
2023/11/14,2.142386831,0.599448805,0.707499652
2023/11/15,2.081385127,0.670143917,0.859201556
2023/11/16,1.447952372,0.533441982,0.779752622
2023/11/17,1.400827533,0.668655038,0.864135035
2023/11/18,1.452138372,0.622433131,0.924352088
2023/11/19,1.521601726,0.56749384,0.945389728
2023/11/20,1.540960835,0.507231784,0.816753405
2023/11/21,1.18776069,0.502483372,1.102948409
2023/11/22,0.054029619,0.521874753,0.754497475
2023/11/23,0.162420798,0.425359673,0.745720244
2023/11/24,0.186109981,0.35400985,0.709441294
2023/11/25,0.138322363,0.316816139,0.715135366
2023/11/26,0.142152711,0.310038318,0.871710792
2023/11/27,0.192991773,0.334320776,0.751633387
2023/11/28,0.183859085,0.298945823,0.677790521
2023/11/29,0.175693182,0.36335617,0.586340323
2023/11/30,0.215541309,0.287717594,0.491297049
2023/12/01,0.210748287,0.239350305,0.54990001
2023/12/02,0.07994064,-0.532555639,0.448335684
2023/12/03,-0.0037858,-0.605324313,0.422877371
2023/12/04,0.06176652,-0.592636182,0.304570753
2023/12/05,0.028679722,-0.505963746,0.179479138
2023/12/06,0.052268281,-0.449794183,0.143426709
2023/12/07,0.131306774,-0.208079437,0.013325472
2023/12/08,0.075391037,-0.297108159,0.051116157
2023/12/09,0.206954064,-0.29591856,0.192123132
2023/12/10,0.272028819,-0.253507287,0.116603893
2023/12/11,-0.062647967,-0.220201715,0.039716185
2023/12/12,-0.090521663,-0.106044003,-0.020801538
2023/12/13,-0.217499779,-0.076831966,-0.065996266
2023/12/14,-0.290633089,0.345481834,0.020638669
2023/12/15,-0.463375021,0.371541452,-0.041409986
2023/12/16,-0.478238686,0.701121618,0.079112112
2023/12/17,-0.354127556,0.565613054,0.087498204
2023/12/18,-0.424285883,0.548025258,-0.040453932
2023/12/19,-0.315501409,0.469723875,-0.145353707
2023/12/20,-0.371593489,0.54353776,-0.108155708
2023/12/21,-0.323796666,0.451957236,-0.102284104
2023/12/22,-0.352656779,0.357780692,-0.030837879
2023/12/23,-0.343313507,0.405723112,-0.115649071
2023/12/24,-0.22986845,0.48327004,-0.531521435
2023/12/25,-0.28112088,0.463098722,-0.343323558
2023/12/26,-0.258103253,0.355047381,-0.442416373
2023/12/27,-0.36241782,0.3399111,-0.463592905
2023/12/28,-0.234127181,0.343247829,-0.362756607
2023/12/29,-0.181343741,0.304790612,-0.481297022
2023/12/30,-0.204685956,0.348025524,-0.44816039
2023/12/31,-0.139050353,0.391077398,-0.445326447
2024/01/01,-0.063583742,0.332977975,-0.454352429
2024/01/02,-0.080163331,0.27499101,-0.438996363
2024/01/03,-0.221898769,0.160428621,-0.429712701
2024/01/04,-0.405531893,0.23364898,-0.53679716
2024/01/05,-0.439280694,0.540234963,-0.463516375
2024/01/06,-0.469565838,0.539821094,-0.350678382
2024/01/07,-0.411917879,0.698179954,-0.323470631
2024/01/08,0.011677588,0.730791978,-0.45208525
2024/01/09,0.072098211,0.593164231,-0.309508208
2024/01/10,0.419715396,0.62939339,-0.209709181
2024/01/11,0.461338431,0.666893831,-0.247383425
2024/01/12,-0.305091568,0.664316605,-0.264119816
2024/01/13,-0.292299397,-0.236651755,-0.261415085
2024/01/14,-0.293902336,-0.323241558,-0.157088821
2024/01/15,-0.318520253,-0.279193905,-0.237627049
2024/01/16,-0.442186271,-0.725268858,-0.313330408
2024/01/17,-0.354924484,-0.568138634,-0.225844846
2024/01/18,-0.299138596,-0.631755969,-0.177768515
2024/01/19,-0.292762221,-0.757717154,-0.280770165
2024/01/20,-0.278846559,-0.737976707,-0.304118044
2024/01/21,-0.256433047,-0.718408786,-0.317171828
2024/01/22,-0.234739857,-0.71887939,-0.127075715
2024/01/23,-0.32415475,-0.736758036,0.342079358
2024/01/24,-0.304242801,-0.631296737,0.275737686
2024/01/25,-0.378980855,-0.269996826,0.253986128
2024/01/26,-0.280794565,-0.302956236,0.372456195
2024/01/27,-0.373121574,-0.365038303,0.264538061
2024/01/28,-0.412802003,-0.387740042,0.374730992
2024/01/29,-0.457155611,-0.374208924,0.360626795
2024/01/30,-0.418399049,-0.399504356,0.254342296
2024/01/31,-0.407757936,-0.341768081,0.328090124
2024/02/01,-0.397260861,-0.366753166,0.35296769
2024/02/02,-0.469449001,-0.309166076,0.352802006
2024/02/03,-0.417725961,-0.375268701,0.447422702
2024/02/04,-0.379144232,-0.337421317,0.457334105
2024/02/05,-0.402455618,-0.371417338,0.321201432
2024/02/06,-0.441222544,-0.466929302,0.280784656
2024/02/07,-1.222353481,-0.496184089,0.380979184
2024/02/08,-1.323840236,-0.630686023,0.271998949
2024/02/09,-1.130449298,-0.62611006,0.284169927
2024/02/10,-1.194613094,-0.641554941,0.298019022
2024/02/11,-0.433122957,-0.674239275,0.395401095
2024/02/12,-0.453554407,-0.706902566,0.300397969
2024/02/13,-0.491539681,-0.594216531,0.275330022
2024/02/14,-0.378143166,-0.571852647,0.326627785
2024/02/15,-0.317116166,0.061539019,0.345514926
2024/02/16,-0.382561675,0.054879434,0.369696075
2024/02/17,-0.249191533,0.020568744,0.407038791
2024/02/18,-0.250594611,0.050437677,0.462594963
2024/02/19,-0.21533554,0.047371513,0.608949622
2024/02/20,-0.283031906,0.071770324,0.537317061
2024/02/21,0.903534249,0.058316237,0.32233512
2024/02/22,0.90502787,0.081926555,0.262079572
2024/02/23,0.895738451,0.218777135,0.27647275
2024/02/24,0.796723911,0.154114182,0.40866195
2024/02/25,0.819800886,0.235374717,0.409498027
2024/02/26,0.931474286,0.24122717,0.420171612
2024/02/27,0.797667036,0.269803428,0.406414366
2024/02/28,1.579619702,0.331195001,0.408248117
2024/02/29,1.462429063,0.375334088,0.499653993
2024/03/01,1.408710856,0.677489931,0.469279974
2024/03/02,1.424637768,0.789538227,0.440275983
2024/03/03,1.365975713,0.841753275,0.512017186
2024/03/04,1.23984986,0.846342581,0.456513357
2024/03/05,0.275838369,0.7321068,0.305012612
2024/03/06,0.16869542,0.587716109,0.40787821
2024/03/07,0.160651683,0.60865188,0.3097619
2024/03/08,0.186789706,0.596478076,0.177937413
2024/03/09,0.250473787,0.669143854,0.289494136
2024/03/10,0.350907867,0.72452855,0.416171606
2024/03/11,0.264218361,0.746558092,0.371576979
