Date,BTC,Energy,GPR,,,
2020/06/11,-0.244990656,2.227881048,0.682636503,,,
2020/06/12,-0.025378073,2.754343899,0.744695638,,,
2020/06/13,0.292583675,2.763522832,0.769167915,,,
2020/06/14,0.609585646,2.765150455,0.671789521,,,
2020/06/15,0.604082721,3.038770697,0.279409881,,,
2020/06/16,0.826184567,2.9245488,0.304179717,,,
2020/06/17,0.824972795,2.8738723,0.280117258,,,
2020/06/18,0.808114638,2.984687137,0.257048877,,,
2020/06/19,0.891372593,3.367405405,0.130620382,,,
2020/06/20,1.416004417,3.549396846,0.104359768,,,
2020/06/21,1.462571636,3.608551846,0.097832932,,,
2020/06/22,1.055960859,3.60885545,0.135717455,,,
2020/06/23,1.627654909,3.55085989,0.088333284,,,
2020/06/24,1.305050577,2.521898013,-0.314351465,,,
2020/06/25,1.320449211,2.775946404,-0.447728956,,,
2020/06/26,1.768435797,2.530878042,-0.667019288,,,
2020/06/27,2.244667104,2.645454032,-0.536459371,,,
2020/06/28,2.226452109,2.677548781,-0.357341379,,,
2020/06/29,2.605719258,2.692774633,-0.289736556,,,
2020/06/30,2.959035067,2.684621454,-0.384513742,,,
2020/07/01,3.508511719,2.665430561,-0.375712522,,,
2020/07/02,3.56726932,3.034053638,-0.200231596,,,
2020/07/03,3.82188555,3.497234172,-0.298502856,,,
2020/07/04,4.148466687,3.498589714,-0.176624299,,,
2020/07/05,4.420977773,5.275519698,-0.143252903,,,
2020/07/06,3.154078713,5.38878154,0.022567546,,,
2020/07/07,3.078997386,4.931520168,-0.046351475,,,
2020/07/08,2.656501914,5.036866391,-0.131734405,,,
2020/07/09,2.374948065,4.744481791,-0.151443422,,,
2020/07/10,2.441066368,5.548455787,-0.22736107,,,
2020/07/11,0.923368238,2.075788288,-0.246282724,,,
2020/07/12,1.231912656,2.404507239,-0.248575498,,,
2020/07/13,1.213750764,2.40426086,-0.449031697,,,
2020/07/14,1.340374558,1.674491806,-0.287307646,,,
2020/07/15,1.364482335,1.411768567,-0.056283122,,,
2020/07/16,1.424140745,1.958002019,-0.286483847,,,
2020/07/17,1.475390739,2.38144866,-0.178211495,,,
2020/07/18,1.55824305,2.361949835,-0.136905603,,,
2020/07/19,1.81840327,2.456809953,0.00150662,,,
2020/07/20,1.849364196,2.426372092,-0.179796434,,,
2020/07/21,1.274272183,1.783315267,-0.075270686,,,
2020/07/22,1.139172775,1.620438016,0.234170259,,,
2020/07/23,1.088041611,1.677894269,0.431022184,,,
2020/07/24,1.091105087,1.93106061,0.480020307,,,
2020/07/25,0.794679966,2.085915377,0.351956824,,,
2020/07/26,0.546683284,2.878693874,0.351024088,,,
2020/07/27,13.13922202,2.906905184,0.080515935,,,
2020/07/28,13.28137327,2.710765755,0.091877185,,,
2020/07/29,12.72713852,2.431200492,0.057476733,,,
2020/07/30,12.79466345,1.674006531,0.079571616,,,
2020/07/31,12.27524112,1.494359205,0.079912069,,,
2020/08/01,10.20134492,1.627284447,0.197824801,,,
2020/08/02,6.784153519,1.630529539,0.381072501,,,
2020/08/03,6.532817425,1.632762749,0.418985123,,,
2020/08/04,6.55890305,1.074354978,0.737631135,,,
2020/08/05,5.813169396,0.8898286,0.687887686,,,
2020/08/06,5.947841252,1.256307594,0.360824637,,,
2020/08/07,6.045426389,1.198512148,0.144439808,,,
2020/08/08,6.11715012,1.734523726,0.06624408,,,
2020/08/09,6.079414342,2.091357277,0.133765095,,,
2020/08/10,5.854455168,2.00506994,0.22969356,,,
2020/08/11,4.827920036,1.894246526,0.196052981,,,
2020/08/12,4.687048331,1.770024782,0.46367734,,,
2020/08/13,4.505457519,2.094125408,0.372604869,,,
2020/08/14,4.523164396,2.497904929,0.127064312,,,
2020/08/15,4.508570242,2.537281275,0.106562571,,,
2020/08/16,4.508060179,2.753276359,0.111483062,,,
2020/08/17,4.013755768,2.790721694,0.144722212,,,
2020/08/18,3.769275864,2.65096019,0.105946246,,,
2020/08/19,3.576995348,2.561628418,0.227656196,,,
2020/08/20,3.782408959,0.866565039,-0.032746385,,,
2020/08/21,3.616274317,1.021085427,-0.092290819,,,
2020/08/22,3.603481824,0.938480909,-0.236643559,,,
2020/08/23,3.613416663,0.834029494,-0.434383542,,,
2020/08/24,3.677060967,0.72393263,-0.425941109,,,
2020/08/25,3.377381041,0.556105967,-0.43822036,,,
2020/08/26,0.536490121,0.301358785,-0.378155976,,,
2020/08/27,0.470012321,0.47112895,-0.416331776,,,
2020/08/28,0.44229164,0.516492492,-0.540054034,,,
2020/08/29,0.438512137,-0.02078507,-0.523853873,,,
2020/08/30,0.455490189,0.239131437,0.045400722,,,
2020/08/31,0.878481514,0.20140641,1.353256735,,,
2020/09/01,-0.076071899,0.132447969,1.338645318,,,
2020/09/02,0.007578544,0.116272722,1.459529321,,,
2020/09/03,4.592416038,-0.905357039,1.459056311,,,
2020/09/04,5.404201559,-0.836206937,1.525201204,,,
2020/09/05,4.724716867,-0.751675273,1.977726654,,,
2020/09/06,4.797000625,-0.648450739,2.16712686,,,
2020/09/07,4.858574437,-0.536187185,1.512066734,,,
2020/09/08,4.55758451,2.638346751,1.321007978,,,
2020/09/09,4.664698523,2.519970968,1.260899419,,,
2020/09/10,5.541910337,1.848528116,0.901590363,,,
2020/09/11,5.704106847,2.073743785,0.906377314,,,
2020/09/12,5.91554103,2.863756692,0.673561222,,,
2020/09/13,5.814518748,2.864303036,0.765908843,,,
2020/09/14,5.087764786,2.870126338,0.875738159,,,
2020/09/15,5.012032772,2.871151784,0.794323555,,,
2020/09/16,5.416188656,1.993089251,0.75324318,,,
2020/09/17,5.755364228,2.231533428,0.761973271,,,
2020/09/18,6.053828584,1.936815371,0.873885203,,,
2020/09/19,5.988863728,2.208971636,1.020976934,,,
2020/09/20,6.296242672,2.069429841,1.036514373,,,
2020/09/21,5.059725507,1.919572058,1.449186803,,,
2020/09/22,5.025605483,2.086077538,1.566922283,,,
2020/09/23,4.601605128,1.722959481,1.947031125,,,
2020/09/24,4.126427561,1.87913071,1.965940944,,,
2020/09/25,4.167822929,2.229722546,1.975697933,,,
2020/09/26,4.267930758,2.165097182,1.982453633,,,
2020/09/27,4.473612534,2.421339097,2.230270865,,,
2020/09/28,4.457102803,2.406590588,2.146354144,,,
2020/09/29,4.546193009,1.728497288,3.210108981,,,
2020/09/30,4.531657245,1.737896109,1.449288695,,,
2020/10/01,4.740638393,1.184114598,1.381482096,,,
2020/10/02,6.072220539,1.201315264,1.300238878,,,
2020/10/03,0.693113028,1.131339195,0.875561696,,,
2020/10/04,0.968933693,1.068267433,0.688456675,,,
2020/10/05,1.424437983,0.962868953,0.859039519,,,
2020/10/06,1.27044802,0.934452174,1.1411492,,,
2020/10/07,1.303873761,0.881896959,-0.08159851,,,
2020/10/08,1.313211255,0.570318851,0.135152328,,,
2020/10/09,1.260134736,0.678540028,0.159071126,,,
2020/10/10,1.058565986,1.182157146,-0.26550738,,,
2020/10/11,1.020499586,1.181138776,-0.364420972,,,
2020/10/12,0.86875251,1.180085592,-0.826558447,,,
2020/10/13,0.870956308,0.87533684,-0.706355894,,,
2020/10/14,1.438138405,0.873972292,-0.808837846,,,
2020/10/15,1.51983804,0.831750108,-0.632702821,,,
2020/10/16,1.551107364,1.180168209,-0.547206517,,,
2020/10/17,1.54639508,1.159124616,-0.354173043,,,
2020/10/18,1.427620673,1.472805649,-0.336679369,,,
2020/10/19,1.205364741,1.689416491,-0.338554985,,,
2020/10/20,1.19264828,1.880706647,-0.286628816,,,
2020/10/21,4.068938501,1.738873091,-0.368994572,,,
2020/10/22,3.993566239,1.120074336,-0.254387879,,,
2020/10/23,4.823142652,1.1779193,-0.264378755,,,
2020/10/24,6.991565694,1.035292512,-0.262769625,,,
2020/10/25,7.001560013,0.886257796,-0.347927512,,,
2020/10/26,7.038986437,0.760587202,-0.501191957,,,
2020/10/27,4.823155554,0.448983747,-0.493121904,,,
2020/10/28,3.993118318,1.064403237,-0.47035066,,,
2020/10/29,3.994491986,1.244596403,-0.477817027,,,
2020/10/30,3.956251149,1.212000226,-0.488398447,,,
2020/10/31,3.898003735,1.661812788,2.060872668,,,
2020/11/01,3.905482592,1.487897569,1.414859498,,,
2020/11/02,3.712561361,1.45728801,1.90015838,,,
2020/11/03,3.120683203,1.42380986,1.461244553,,,
2020/11/04,3.0877293,1.545676072,1.428221311,,,
2020/11/05,4.521321081,1.583364709,1.204394999,,,
2020/11/06,4.545566135,1.372945436,1.197105594,,,
2020/11/07,3.725648458,1.915477469,1.152753416,,,
2020/11/08,3.04711226,1.37103602,1.231637138,,,
2020/11/09,3.201367177,0.848652123,0.923835817,,,
2020/11/10,3.226999345,0.434993348,0.784509707,,,
2020/11/11,3.018091284,0.432818527,0.779371954,,,
2020/11/12,2.577283073,0.202061412,0.586267108,,,
2020/11/13,2.574651254,0.021797699,0.678884378,,,
2020/11/14,2.49328732,-0.105131452,0.736713824,,,
2020/11/15,2.565111221,-0.192760635,0.512610096,,,
2020/11/16,1.937933651,-0.304470849,0.919874455,,,
2020/11/17,1.360115988,-0.33886491,0.80243664,,,
2020/11/18,1.468620446,-0.415584547,0.680178862,,,
2020/11/19,1.529136792,-0.403607562,0.386694833,,,
2020/11/20,1.742495486,-0.317137917,0.246280223,,,
2020/11/21,1.783084078,-0.261489107,0.108774715,,,
2020/11/22,1.713619146,-0.375605755,0.194463435,,,
2020/11/23,1.774775397,-0.443708272,0.155945493,,,
2020/11/24,1.373266877,-0.322029276,-0.085309077,,,
2020/11/25,1.26683793,-0.346270118,-0.131744606,,,
2020/11/26,1.316726497,-0.256913418,-0.330427664,,,
2020/11/27,1.501843667,0.000128119,-0.264760464,,,
2020/11/28,1.272335919,-0.010622629,-0.28306003,,,
2020/11/29,1.144424673,-0.109561222,-0.28297517,,,
2020/11/30,0.701419214,-0.180859384,-0.684603711,,,
2020/12/01,0.452600906,-0.203425603,-0.756980887,,,
2020/12/02,0.41575837,-0.346059601,-0.787999887,,,
2020/12/03,0.51341614,-0.342030461,-0.649973644,,,
2020/12/04,0.338216106,-0.539131407,-0.728753735,,,
2020/12/05,0.114183818,-0.546621006,-0.632162038,,,
2020/12/06,0.097563433,-0.501402622,-0.657117262,,,
2020/12/07,0.383994218,-0.299074684,-0.609301915,,,
2020/12/08,0.351814144,-0.052833983,-0.654662421,,,
2020/12/09,0.338917246,0.263418075,-0.491589616,,,
2020/12/10,0.294224435,0.31002718,-0.437347379,,,
2020/12/11,0.394259103,0.221456904,-0.524897633,,,
2020/12/12,0.352669564,0.550519111,-0.404844441,,,
2020/12/13,0.294784836,0.744803188,-0.500903195,,,
2020/12/14,0.333518661,0.916017922,-0.33235246,,,
2020/12/15,0.328109709,1.00268893,-0.3957321,,,
2020/12/16,0.620109979,1.242265454,-0.497052093,,,
2020/12/17,0.550058386,1.32766322,-0.539363124,,,
2020/12/18,0.529071478,1.377039265,-0.346137603,,,
2020/12/19,0.388644913,1.3019853,-0.147542241,,,
2020/12/20,0.601272941,1.220047466,0.860509141,,,
2020/12/21,0.471646676,1.411806532,1.42668001,,,
2020/12/22,0.279511306,1.537071983,1.36649974,,,
2020/12/23,0.206512048,1.387257042,1.398011987,,,
2020/12/24,0.338819665,0.507815171,1.797617597,,,
2020/12/25,0.209865368,0.696969385,2.623032908,,,
2020/12/26,0.040218012,0.715455967,3.337165718,,,
2020/12/27,0.035449212,0.743792081,3.070271074,,,
2020/12/28,0.067769298,1.058311638,3.014570349,,,
2020/12/29,0.143618599,1.421156174,2.837278747,,,
2020/12/30,0.118756886,1.738183455,3.231657291,,,
2020/12/31,0.360840574,1.927294635,3.912643953,,,
2021/01/01,0.408995889,2.816792947,3.978256456,,,
2021/01/02,0.304584603,3.056506164,3.835473197,,,
2021/01/03,0.445151317,1.100627162,3.663532852,,,
2021/01/04,0.438130261,1.179236628,2.509165188,,,
2021/01/05,0.113572198,4.348943883,2.532109378,,,
2021/01/06,-0.147155963,3.003214537,2.535153846,,,
2021/01/07,-0.230068997,2.688500029,2.352637184,,,
2021/01/08,-0.323412254,2.677737297,2.308221978,,,
2021/01/09,-0.317294383,3.804606991,2.406806439,,,
2021/01/10,-0.468672467,4.227613746,2.756733935,,,
2021/01/11,-0.557633484,4.423697243,2.756930733,,,
2021/01/12,-0.665861701,3.245959938,2.67548638,,,
2021/01/13,-0.745333855,3.352645738,2.210674484,,,
2021/01/14,-0.851384052,2.757875787,2.826072399,,,
2021/01/15,-0.910312945,1.831479759,3.014941044,,,
2021/01/16,-0.775195394,1.837362955,3.211620624,,,
2021/01/17,-0.769075187,2.047515342,3.229067196,,,
2021/01/18,-0.744166133,2.171331118,3.196797631,,,
2021/01/19,-0.741738296,1.965437768,4.550359085,,,
2021/01/20,-0.702224111,2.051172062,2.586993299,,,
2021/01/21,0.143360837,1.644058394,2.30178245,,,
2021/01/22,-0.062074256,2.022007796,1.805002209,,,
2021/01/23,-0.085930407,1.998398134,1.587111351,,,
2021/01/24,0.001888488,1.965113752,1.354084254,,,
2021/01/25,0.260737638,1.932997117,0.972914768,,,
2021/01/26,0.260722394,1.851780191,0.727773594,,,
2021/01/27,0.070000933,1.626316075,0.753637631,,,
2021/01/28,-0.208717735,1.608838538,0.763255395,,,
2021/01/29,-0.103614963,1.09641798,0.583190394,,,
2021/01/30,-0.101800093,1.149975373,0.643804485,,,
2021/01/31,-0.159588865,1.149614266,0.309515107,,,
2021/02/01,0.122691743,1.149254059,0.127860395,,,
2021/02/02,-0.035648472,1.086625138,0.015064022,,,
2021/02/03,-0.152741114,0.630595747,-0.452692125,,,
2021/02/04,0.02758906,0.29250255,-0.440184842,,,
2021/02/05,0.257619512,0.55811351,-0.471979301,,,
2021/02/06,0.472480573,0.666926495,-0.421470136,,,
2021/02/07,0.57161443,0.576107187,-0.39693162,,,
2021/02/08,1.18201201,0.48444847,-0.461303095,,,
2021/02/09,1.353343885,0.399954582,-0.460526942,,,
2021/02/10,1.66437806,0.262103181,-0.465086641,,,
2021/02/11,1.525551395,0.500898903,-0.307393843,,,
2021/02/12,2.161283032,0.359921241,-0.058348816,,,
2021/02/13,2.409399039,0.745172342,-0.25326616,,,
2021/02/14,2.699214397,0.668793977,-0.314772772,,,
2021/02/15,2.706795518,0.626256694,-0.508268019,,,
2021/02/16,2.637066767,0.377993003,-0.571037597,,,
2021/02/17,2.329190897,0.235303526,-0.546385256,,,
2021/02/18,2.347357064,0.187678534,-0.674536633,,,
2021/02/19,1.832851618,0.124384365,-0.816481968,,,
2021/02/20,2.619350393,0.332769095,-0.82986253,,,
2021/02/21,3.140397938,0.434590321,-0.77745485,,,
2021/02/22,2.76547939,0.381874737,-0.809773096,,,
2021/02/23,1.882441698,0.119304704,-0.770304644,,,
2021/02/24,1.847322603,0.047510536,-0.77766149,,,
2021/02/25,1.571576942,-0.057365182,-0.695487255,,,
2021/02/26,1.964390592,0.000639639,-0.828333087,,,
2021/02/27,2.791113304,-0.027637671,-0.805900645,,,
2021/02/28,2.805846494,0.138337921,-0.721901769,,,
2021/03/01,1.975565564,0.081203749,-0.767998342,,,
2021/03/02,2.033587452,0.07926543,-0.636963883,,,
2021/03/03,1.845542219,-0.071040017,-0.442924767,,,
2021/03/04,2.005986879,-0.25124195,-0.409178766,,,
2021/03/05,2.323357337,-0.27241955,-0.176608199,,,
2021/03/06,2.351468609,-0.267780595,-0.27013814,,,
2021/03/07,2.230485946,-0.17921123,-0.299034512,,,
2021/03/08,2.284020301,-0.09467037,-0.309575462,,,
2021/03/09,2.029408792,-0.10939462,-0.50433233,,,
2021/03/10,0.082172215,-0.286211788,-0.639473456,,,
2021/03/11,-0.013306575,-0.270052265,-0.643568906,,,
2021/03/12,0.094606021,-0.157305036,-0.670422571,,,
2021/03/13,0.089079105,-0.050171343,-0.707545023,,,
2021/03/14,-0.006444395,0.087579841,-0.773257438,,,
2021/03/15,-0.237342517,0.102949389,-0.816116723,,,
2021/03/16,-0.164328149,-0.161072595,-0.777132385,,,
2021/03/17,-0.247655534,-0.192238487,-0.621377417,,,
2021/03/18,-0.216407872,-0.015842596,-0.613086638,,,
2021/03/19,0.014079307,0.066775262,-0.777050002,,,
2021/03/20,0.022835869,0.315267709,-0.650145275,,,
2021/03/21,0.333163406,0.3883266,-0.464608361,,,
2021/03/22,0.070921104,0.442605122,-0.284161746,,,
2021/03/23,0.141063729,0.198014776,-0.219636995,,,
2021/03/24,0.296209753,0.000699532,-0.099955699,,,
2021/03/25,-0.031302353,0.173762981,-0.072362301,,,
2021/03/26,-0.258978218,0.182194725,-0.053576645,,,
2021/03/27,-0.037173224,0.336722346,-0.054194684,,,
2021/03/28,0.000215965,0.650196462,0.077546535,,,
2021/03/29,-0.125107767,0.711191538,0.044930455,,,
2021/03/30,-0.109110644,0.715384912,0.033154104,,,
2021/03/31,-0.637600077,0.680463718,0.07340012,,,
2021/04/01,-0.552331525,0.410143788,0.126841172,,,
2021/04/02,-0.354849274,0.584379832,0.133391636,,,
2021/04/03,-0.29177513,0.93821032,0.22079578,,,
2021/04/04,-0.348939024,1.47879784,-0.045394005,,,
2021/04/05,-0.353605393,1.446143087,-0.248766155,,,
2021/04/06,-0.151545814,1.446419552,-0.002015976,,,
2021/04/07,-0.28216397,1.426706857,0.274771818,,,
2021/04/08,-0.248795975,1.379425344,0.266398647,,,
2021/04/09,-0.163873949,1.905500596,0.524700029,,,
2021/04/10,-0.119808159,2.047969312,0.462774093,,,
2021/04/11,-0.115493661,2.07026918,0.441023797,,,
2021/04/12,-0.029387391,2.097263924,0.284567432,,,
2021/04/13,-0.052692406,2.128002927,0.411370264,,,
2021/04/14,0.176372531,1.405601721,0.540417658,,,
2021/04/15,0.245867244,2.006218186,0.361407876,,,
2021/04/16,0.332526492,2.058461006,0.370866671,,,
2021/04/17,0.358355065,1.457376868,0.443335986,,,
2021/04/18,0.532064935,1.474429951,0.657666726,,,
2021/04/19,0.51170561,1.493336756,0.483917034,,,
2021/04/20,0.513715289,1.172333972,0.48222365,,,
2021/04/21,0.547328952,0.945169468,0.445523143,,,
2021/04/22,0.244678175,1.285907553,0.368049326,,,
2021/04/23,0.464073741,1.862338408,0.371245944,,,
2021/04/24,0.462806774,1.929099249,0.342316667,,,
2021/04/25,0.686997877,2.868563962,1.174980479,,,
2021/04/26,1.541927099,2.869992965,0.8172271,,,
2021/04/27,1.448360677,2.715357607,0.668588866,,,
2021/04/28,1.704739449,2.065416809,0.444192402,,,
2021/04/29,1.664421049,2.13303736,0.472617486,,,
2021/04/30,1.050237211,1.58213719,0.463704267,,,
2021/05/01,1.051813368,1.991865174,0.389356091,,,
2021/05/02,0.966480744,1.852007393,0.382900747,,,
2021/05/03,1.129259528,1.761482521,0.257959896,,,
2021/05/04,0.697263228,1.791949649,0.64744404,,,
2021/05/05,0.297377845,1.31241029,1.009299863,,,
2021/05/06,0.282891101,1.266389867,1.004978746,,,
2021/05/07,0.419769504,0.907617525,0.971228732,,,
2021/05/08,0.537271474,1.112480603,3.635848712,,,
2021/05/09,0.522556724,1.211211746,3.288788912,,,
2021/05/10,0.399672639,1.214910301,2.306830508,,,
2021/05/11,0.373921164,0.701162738,2.153044139,,,
2021/05/12,1.47794926,0.68542721,2.280088994,,,
2021/05/13,1.870757284,0.434232801,2.01365926,,,
2021/05/14,1.875058472,0.493390261,2.187982967,,,
2021/05/15,1.40439032,0.5087775,2.311983412,,,
2021/05/16,1.498559951,0.520018691,2.162199308,,,
2021/05/17,1.108477529,0.483681907,1.997025105,,,
2021/05/18,1.611200482,0.298317884,2.15685667,,,
2021/05/19,1.505317602,-0.007851059,2.268324208,,,
2021/05/20,0.9668495,0.305056504,2.25012675,,,
2021/05/21,0.69803035,0.433960906,2.2520317,,,
2021/05/22,0.809901514,0.542526326,1.993122386,,,
2021/05/23,0.502676512,0.57064825,2.020872305,,,
2021/05/24,0.160349701,0.568402623,1.833356537,,,
2021/05/25,0.180848641,0.29491162,2.73469968,,,
2021/05/26,0.500649559,0.244775723,3.477861699,,,
2021/05/27,0.491680668,0.288428273,3.947610613,,,
2021/05/28,0.232944153,0.648024744,4.656377931,,,
2021/05/29,0.211686783,0.683574656,4.068532466,,,
2021/05/30,0.420188608,1.157379914,3.813804412,,,
2021/05/31,0.30471617,1.25178695,3.678294284,,,
2021/06/01,0.312316872,0.967613281,3.676123076,,,
2021/06/02,0.284799683,0.669630532,4.009468255,,,
2021/06/03,0.422154529,0.673990838,3.99600717,,,
2021/06/04,0.493626825,1.075341034,4.086491118,,,
2021/06/05,0.430280923,1.114811753,3.809740937,,,
2021/06/06,0.4435221,1.503169223,3.870401328,,,
2021/06/07,0.258893877,1.503981503,1.01427777,,,
2021/06/08,0.264086031,1.459020238,1.469232784,,,
2021/06/09,0.022528906,1.447612489,-0.714566277,,,
2021/06/10,0.018819154,2.198745924,-0.533913597,,,
2021/06/11,0.11301072,2.22376412,-0.516778181,,,
2021/06/12,-0.00595299,2.747933381,-0.29499366,,,
2021/06/13,-0.273726726,4.022743967,-0.301771253,,,
2021/06/14,-0.144438342,4.154711934,-0.46986265,,,
2021/06/15,-0.143344641,3.472108511,-0.46492511,,,
2021/06/16,-0.090982033,3.332420216,-0.479316626,,,
2021/06/17,-0.082817365,2.697338617,-0.477750877,,,
2021/06/18,-0.541375958,2.767094295,-0.483122375,,,
2021/06/19,-0.347965086,2.490655168,-0.638757324,,,
2021/06/20,-0.096684431,2.235194963,-0.771999869,,,
2021/06/21,-0.14886275,2.014829557,-0.612003319,,,
2021/06/22,0.073824713,1.860297551,-0.760266425,,,
2021/06/23,0.234806003,1.867803652,-0.111291647,,,
2021/06/24,0.17544731,2.291826391,-0.262338518,,,
2021/06/25,-0.088501961,2.405666252,-0.321083185,,,
2021/06/26,-0.07507706,2.161494536,-0.483924053,,,
2021/06/27,-0.074476663,1.937762954,-0.650728507,,,
2021/06/28,-0.010253588,1.716534783,1.905551051,,,
2021/06/29,-0.057685681,1.67404819,2.137802164,,,
2021/06/30,0.039022224,1.599971859,2.019644831,,,
2021/07/01,-0.062065919,1.498874336,1.945479357,,,
2021/07/02,-0.027257803,2.190999048,1.920871542,,,
2021/07/03,0.059230931,2.191649479,1.781628006,,,
2021/07/04,0.272433061,2.310469838,1.826237766,,,
2021/07/05,0.229139903,2.307341097,1.986786002,,,
2021/07/06,0.217894844,1.732217944,1.996206916,,,
2021/07/07,0.504876266,1.359649549,1.809554727,,,
2021/07/08,0.425343643,1.338222217,1.8106304,,,
2021/07/09,0.627141044,0.917958184,1.907525899,,,
2021/07/10,0.655005542,0.917692905,1.910898882,,,
2021/07/11,0.636369579,0.923316028,2.008417036,,,
2021/07/12,0.766824999,0.925792774,2.077568632,,,
2021/07/13,1.231935956,0.823146456,2.100297363,,,
2021/07/14,1.362057391,0.466880052,2.318856262,,,
2021/07/15,1.197557221,0.411624544,2.568735865,,,
2021/07/16,1.575543158,0.140554139,2.769994253,,,
2021/07/17,1.584592761,0.213246299,2.766324647,,,
2021/07/18,2.176139996,-0.033512098,2.468164787,,,
2021/07/19,1.968995048,-0.097719649,2.650260858,,,
2021/07/20,1.746781676,-0.089838281,3.030340391,,,
2021/07/21,0.379461777,0.217580033,2.964056252,,,
2021/07/22,0.488657045,0.222283756,2.916096765,,,
2021/07/23,0.471922352,0.216884225,4.168992669,,,
2021/07/24,0.524901643,0.218622858,4.443884789,,,
2021/07/25,0.032138312,0.153489219,3.776770674,,,
2021/07/26,-0.195445654,0.197158127,3.717795672,,,
2021/07/27,-0.460236936,0.23888317,4.7130097,,,
2021/07/28,-0.490653449,0.26249344,-0.517331198,,,
2021/07/29,-0.285391334,0.103154567,-0.671753258,,,
2021/07/30,-0.419530504,-0.121618463,-0.587301097,,,
2021/07/31,-0.238015059,0.035706007,-0.6291719,,,
2021/08/01,-0.428537485,0.036940412,-0.651342117,,,
2021/08/02,-0.41028153,0.03706875,-0.655003572,,,
2021/08/03,-0.468617153,-0.190685864,-0.823882335,,,
2021/08/04,-0.454222005,-0.428981849,-0.885792138,,,
2021/08/05,-0.531586647,-0.52713229,-0.889610732,,,
2021/08/06,-0.699632026,-0.405160906,-0.848232567,,,
2021/08/07,-0.75087187,-0.38887499,-0.866710273,,,
2021/08/08,-0.699084351,-0.187102268,-0.968404912,,,
2021/08/09,-0.840924006,-0.207999977,-1.096583553,,,
2021/08/10,-0.823729452,-0.365386865,-1.204056154,,,
2021/08/11,-0.717022356,-0.441096393,-1.137481896,,,
2021/08/12,-0.769744438,-0.427821939,-1.135107198,,,
2021/08/13,-0.787969194,-0.269188405,-1.119897952,,,
2021/08/14,-0.713850523,-0.081434078,0.682372924,,,
2021/08/15,-0.699090169,0.168853072,0.380272215,,,
2021/08/16,-0.751100287,0.32749783,0.180473078,,,
2021/08/17,-0.823086919,0.470495447,0.379851181,,,
2021/08/18,-0.732320312,0.375756878,0.311227883,,,
2021/08/19,-0.770099346,0.569128046,0.253150273,,,
2021/08/20,-0.925019106,0.549473752,0.245744582,,,
2021/08/21,-0.929201976,0.479328222,0.343880996,,,
2021/08/22,-0.814216619,0.314342449,0.289709582,,,
2021/08/23,-0.766915109,0.242964953,0.047814704,,,
2021/08/24,-0.801901667,0.082097812,0.227089596,,,
2021/08/25,-0.713834106,0.125748209,0.149568398,,,
2021/08/26,-0.70230909,0.052926191,-0.022114843,,,
2021/08/27,-0.832427415,-0.116684951,0.021573129,,,
2021/08/28,-0.833701294,0.055261995,0.105086349,,,
2021/08/29,-0.672503051,0.366124858,0.307923397,,,
2021/08/30,-0.783604222,0.359428544,0.561842079,,,
2021/08/31,-0.627327715,0.251582347,0.450317011,,,
2021/09/01,-0.711565775,0.158406031,0.48364771,,,
2021/09/02,-0.632803071,0.113766984,0.670641537,,,
2021/09/03,-0.485101279,0.43552505,0.802169089,,,
2021/09/04,-0.370045823,0.672609313,0.650036519,,,
2021/09/05,-0.316699603,0.727869629,0.732983456,,,
2021/09/06,-0.150859695,0.761066944,0.660262139,,,
2021/09/07,1.791734695,0.761979974,0.955513115,,,
2021/09/08,2.371925091,0.605047082,1.202130949,,,
2021/09/09,2.442242032,0.871683494,1.563448396,,,
2021/09/10,2.15798421,1.022094502,1.635926305,,,
2021/09/11,2.321668928,0.958660799,1.580847705,,,
2021/09/12,3.273635414,0.917611315,1.570581759,,,
2021/09/13,3.140910668,0.842321826,0.354885947,,,
2021/09/14,2.522155394,0.722446842,-0.528071995,,,
2021/09/15,2.517587547,0.547708346,-0.308881259,,,
2021/09/16,2.751025301,0.502348533,-0.458023598,,,
2021/09/17,2.713637504,0.653726001,-0.298996472,,,
2021/09/18,3.097375601,0.441426061,-0.236541399,,,
2021/09/19,3.87290484,0.338155715,-0.386347412,,,
2021/09/20,2.724132071,0.399893681,-0.405937514,,,
2021/09/21,2.166431515,0.432532769,-0.387563956,,,
2021/09/22,1.491044583,0.35575073,-0.449035729,,,
2021/09/23,1.578608258,0.28866961,-0.405026502,,,
2021/09/24,1.349962726,0.296978492,-0.466486003,,,
2021/09/25,1.643779711,0.316767946,-0.398309782,,,
2021/09/26,1.973010843,0.559693032,-0.396374073,,,
2021/09/27,1.865274992,0.415848842,-0.559820385,,,
2021/09/28,1.700504483,0.408928407,-0.628659092,,,
2021/09/29,1.930141573,0.406751852,-0.706754785,,,
2021/09/30,1.479678988,0.485919402,-0.685712492,,,
2021/10/01,1.086541134,0.217594337,-0.755908628,,,
2021/10/02,1.09011302,0.549580576,-0.71892395,,,
2021/10/03,1.103780094,0.535620063,-0.773994872,,,
2021/10/04,1.053226975,0.484410617,-0.717882358,,,
2021/10/05,0.942461951,0.33804723,-0.704028659,,,
2021/10/06,0.550859329,0.107875802,-0.466152175,,,
2021/10/07,0.281749396,0.077179118,-0.591778438,,,
2021/10/08,0.312684432,-0.053581992,-0.56977119,,,
2021/10/09,0.273731231,-0.049948459,-0.72606041,,,
2021/10/10,0.409017066,-0.049311361,-0.783009435,,,
2021/10/11,0.16798941,0.041634161,-0.881980503,,,
2021/10/12,0.134674993,0.134724864,-0.937020891,,,
2021/10/13,0.13572874,0.231149827,-0.877158363,,,
2021/10/14,0.363110435,0.195678392,-0.91137296,,,
2021/10/15,0.081645598,0.195439093,-1.033141533,,,
2021/10/16,0.07422788,0.334850599,-0.716579465,,,
2021/10/17,0.074352846,0.528444597,-0.718882064,,,
2021/10/18,0.118409789,0.656756144,-0.725027916,,,
2021/10/19,0.039295255,0.689586694,-0.542239321,,,
2021/10/20,-0.036873447,0.708346106,-0.594931656,,,
2021/10/21,-0.069520853,0.459332927,-0.56669968,,,
2021/10/22,0.155595209,0.678462444,-0.495622312,,,
2021/10/23,0.262357347,0.742129538,-0.513484304,,,
2021/10/24,0.5413042,0.740569791,-0.499985187,,,
2021/10/25,0.361467391,0.948150117,-0.372809433,,,
2021/10/26,0.141971513,1.224837597,-0.501352677,,,
2021/10/27,0.081454675,0.971239592,-0.439558525,,,
2021/10/28,0.030700003,0.97172082,-0.331835457,,,
2021/10/29,-0.036162196,0.711348447,-0.354361114,,,
2021/10/30,0.2397148,0.707455697,-0.235019034,,,
2021/10/31,-0.15726338,1.141065593,-0.197813995,,,
2021/11/01,-0.148990696,1.173583969,-0.339308241,,,
2021/11/02,-0.308015614,0.911339209,-0.466104714,,,
2021/11/03,-0.253888759,0.806049002,-0.405358356,,,
2021/11/04,-0.09826707,1.068459486,-0.279090307,,,
2021/11/05,-0.090603005,1.100553666,-0.156319609,,,
2021/11/06,0.06587472,1.21223713,-0.187905427,,,
2021/11/07,-0.101452199,0.836846899,-0.273270614,,,
2021/11/08,-0.185430103,0.816387575,-0.003929339,,,
2021/11/09,-0.198106364,0.813790675,-0.105928064,,,
2021/11/10,-0.082789163,0.629406796,-0.018026497,,,
2021/11/11,0.043717027,0.62493726,-0.024818926,,,
2021/11/12,0.130065497,0.538715741,-0.036463913,,,
2021/11/13,0.124836055,0.877867138,-0.008736351,,,
2021/11/14,-0.040211692,1.100782666,0.189435358,,,
2021/11/15,-0.191419864,1.081064818,-0.243366521,,,
2021/11/16,-0.365829575,1.074599894,-0.213592166,,,
2021/11/17,-0.35601707,0.694766165,-0.589956043,,,
2021/11/18,-0.34473346,0.693031363,-0.62415865,,,
2021/11/19,-0.30069828,2.359088454,-0.550840965,,,
2021/11/20,-0.252463212,3.225229536,-0.655091755,,,
2021/11/21,-0.187779045,3.235751564,-0.689841184,,,
2021/11/22,-0.395729598,3.267017114,-0.265187457,,,
2021/11/23,-0.474654361,2.246718064,-0.347374122,,,
2021/11/24,-0.394242287,2.114174145,-0.231739471,,,
2021/11/25,-0.220508343,2.128446244,-0.103634824,,,
2021/11/26,-0.100804007,3.840744647,-0.254777552,,,
2021/11/27,0.010167819,3.842050258,-0.252521932,,,
2021/11/28,-0.124839327,4.131572955,-0.222372067,,,
2021/11/29,-0.138028095,4.168464915,-0.359039595,,,
2021/11/30,-0.159547868,3.36275022,-0.403339732,,,
2021/12/01,-0.157283715,3.395324587,-0.230675541,,,
2021/12/02,0.016816422,3.035481434,-0.008717398,,,
2021/12/03,-0.255452425,3.16315774,-0.002695965,,,
2021/12/04,0.059580507,3.095459012,0.0655079,,,
2021/12/05,0.062432111,3.388262161,0.191163655,,,
2021/12/06,-0.021286919,3.329437448,0.451155206,,,
2021/12/07,0.10252132,2.552314404,0.43888449,,,
2021/12/08,0.447457838,2.561638895,0.342343744,,,
2021/12/09,0.107563907,2.293183775,0.51566661,,,
2021/12/10,0.238656401,2.93327425,0.525189057,,,
2021/12/11,-0.01413264,2.807028659,0.485160073,,,
2021/12/12,-0.024841196,2.735308287,0.474863056,,,
2021/12/13,-0.262879483,2.617049851,0.542252765,,,
2021/12/14,-0.232769795,2.611018988,0.558155828,,,
2021/12/15,-0.339973681,2.573371787,0.655921279,,,
2021/12/16,-0.178568445,2.302409093,0.353012102,,,
2021/12/17,-0.293997633,1.900510768,0.239157297,,,
2021/12/18,-0.056990928,1.956568923,0.279104144,,,
2021/12/19,0.005232867,2.879226107,0.290805166,,,
2021/12/20,0.112042585,2.870832308,0.664003292,,,
2021/12/21,-0.073039931,1.982643936,0.391142729,,,
2021/12/22,0.146344944,1.892175494,-1.206984923,,,
2021/12/23,-0.011062812,2.620641441,-1.099762995,,,
2021/12/24,0.067175057,2.763433613,-1.09415654,,,
2021/12/25,0.106832818,2.718496676,-0.233190116,,,
2021/12/26,0.437488526,0.68843893,0.04693917,,,
2021/12/27,0.542937916,0.662799237,-0.207682492,,,
2021/12/28,0.441390554,0.681133855,-0.103962344,,,
2021/12/29,0.350012723,0.666054564,-0.048588538,,,
2021/12/30,0.340603297,1.104433516,0.858218596,,,
2021/12/31,0.279289602,1.104511957,0.525017783,,,
2022/01/01,0.169161828,1.634462975,0.494050631,,,
2022/01/02,0.502679492,1.579709994,0.307074334,,,
2022/01/03,0.192451712,1.589653934,0.331398685,,,
2022/01/04,0.159538002,1.789149519,0.156306732,,,
2022/01/05,-0.0317115,1.833153054,0.234842503,,,
2022/01/06,-0.049211389,2.145638493,0.347005944,,,
2022/01/07,-0.256980113,1.634002784,0.232273785,,,
2022/01/08,-0.007409094,2.007038741,0.060691611,,,
2022/01/09,0.00711674,2.05352462,0.03450275,,,
2022/01/10,0.315690453,2.236297123,-0.043140422,,,
2022/01/11,0.256260803,1.659703365,-0.094526266,,,
2022/01/12,0.007901314,1.472020808,-0.279774242,,,
2022/01/13,-0.199643637,1.476194609,-0.473344115,,,
2022/01/14,0.034356922,1.075543648,-0.361786347,,,
2022/01/15,0.215674973,1.339656662,-0.359397305,,,
2022/01/16,0.49241797,2.021788382,-0.385926853,,,
2022/01/17,0.419308552,2.06330768,-0.587309752,,,
2022/01/18,0.419482401,2.07757867,-0.559922553,,,
2022/01/19,0.342892967,2.107908803,-0.555842815,,,
2022/01/20,0.511112632,2.820068158,-0.410656597,,,
2022/01/21,3.524894158,2.121006302,-0.404161361,,,
2022/01/22,3.621002699,2.151749322,-0.431295666,,,
2022/01/23,3.133734046,2.124412464,-0.475576145,,,
2022/01/24,3.114383714,2.1568019,-0.43955258,,,
2022/01/25,3.110254714,1.719988379,-0.531769809,,,
2022/01/26,3.111701415,1.604493301,-0.394310787,,,
2022/01/27,4.378395734,1.503136604,-0.349291864,,,
2022/01/28,4.538763478,1.454955319,-0.324618982,,,
2022/01/29,4.631504525,1.501420334,-0.685165571,,,
2022/01/30,4.819682166,1.512251338,-0.376263143,,,
2022/01/31,5.205064849,1.563755036,-0.565246436,,,
2022/02/01,5.209296071,1.032216739,-0.490666498,,,
2022/02/02,4.284027809,1.068410932,-0.475623069,,,
2022/02/03,4.349261896,1.510886754,-0.408937862,,,
2022/02/04,4.322826157,1.137411171,-0.572287657,,,
2022/02/05,4.358433901,1.441202474,-0.680923284,,,
2022/02/06,4.700773709,1.814337715,-0.670504122,,,
2022/02/07,4.269802583,1.789500359,-0.779843777,,,
2022/02/08,4.26087533,1.227064778,-0.695587864,,,
2022/02/09,4.252677921,1.074438683,-0.567330334,,,
2022/02/10,4.314514358,1.63564062,-0.49707562,,,
2022/02/11,4.336732791,1.332494818,-0.414838168,,,
2022/02/12,4.730840891,1.254435412,-0.240902185,,,
2022/02/13,4.793262615,1.636079349,-0.206633737,,,
2022/02/14,4.756731934,1.534865271,-0.138948983,,,
2022/02/15,3.995269286,1.305757405,-0.02907865,,,
2022/02/16,4.076318923,1.112089001,0.293523666,,,
2022/02/17,2.779990981,1.088524337,0.352237998,,,
2022/02/18,2.79766048,0.957302262,0.363228934,,,
2022/02/19,2.973688663,1.097960513,0.177456398,,,
2022/02/20,3.236218496,1.683724273,0.053976136,,,
2022/02/21,3.330309112,1.705076335,-0.130577364,,,
2022/02/22,3.394035457,1.597551336,-0.270752388,,,
2022/02/23,3.178614952,1.569279559,-0.213472343,,,
2022/02/24,2.938476796,1.120385165,-0.089962742,,,
2022/02/25,2.76504036,0.839293303,-0.163422396,,,
2022/02/26,2.783050969,0.913560711,-0.2144645,,,
2022/02/27,2.484758242,0.966325021,-0.34543753,,,
2022/02/28,3.015218944,0.935563784,-0.54235647,,,
2022/03/01,2.869851438,0.915753091,-0.947251015,,,
2022/03/02,2.896897282,0.725344668,-0.844212846,,,
2022/03/03,2.670134336,0.799879592,-0.811701865,,,
2022/03/04,2.193743292,0.702154285,-0.795054407,,,
2022/03/05,2.191051307,0.69449507,-0.716618893,,,
2022/03/06,3.041656855,1.030895091,-0.684161791,,,
2022/03/07,3.01982195,0.989898844,-0.682955405,,,
2022/03/08,3.07579902,0.693331848,-0.523273198,,,
2022/03/09,2.336744069,0.307363202,-0.651684076,,,
2022/03/10,1.771297421,0.415735014,-0.639569344,,,
2022/03/11,1.730576313,0.474290475,-0.575771847,,,
2022/03/12,1.780786263,0.399346397,-0.665644871,,,
2022/03/13,1.776072689,0.705841329,-0.665401809,,,
2022/03/14,1.467410492,0.672000101,-0.743629626,,,
2022/03/15,1.457087167,0.366421533,-0.744398382,,,
2022/03/16,1.209738182,0.436427772,-0.719121709,,,
2022/03/17,1.474702047,0.434393825,-0.839362154,,,
2022/03/18,1.440797113,0.57695407,-0.839083387,,,
2022/03/19,2.139083604,0.453807478,-0.970596191,,,
2022/03/20,2.072634002,0.413842189,-1.031168164,,,
2022/03/21,2.070338981,0.273669525,-1.043005825,,,
2022/03/22,2.222772387,0.258587051,-0.916640491,,,
2022/03/23,2.441562612,-0.011189983,-0.769772993,,,
2022/03/24,2.526943848,0.048627632,-0.623996603,,,
2022/03/25,2.658707772,-0.191377774,-0.474694859,,,
2022/03/26,2.825372878,-0.102228685,-0.51427832,,,
2022/03/27,2.434223336,0.123658656,-0.537610847,,,
2022/03/28,2.426704077,0.069120631,-0.609349566,,,
2022/03/29,2.688217202,0.06247692,-0.487007878,,,
2022/03/30,0.796480876,-0.135584118,-0.640876824,,,
2022/03/31,0.725775661,-0.252035134,-0.606820416,,,
2022/04/01,0.688219724,-0.347727218,-0.716864053,,,
2022/04/02,0.911777661,-0.253741964,-0.672169529,,,
2022/04/03,1.020189998,-0.189811758,-0.683400104,,,
2022/04/04,1.030732971,-0.150514326,-0.817893031,,,
2022/04/05,1.058308741,-0.228176406,-0.736119684,,,
2022/04/06,0.604669441,-0.193348979,-0.681856668,,,
2022/04/07,0.672905926,-0.031478799,-0.807167612,,,
2022/04/08,0.058011887,0.029060964,-0.779238811,,,
2022/04/09,-0.033797872,0.175682547,-0.793335734,,,
2022/04/10,-0.007101789,0.168228403,-0.806366314,,,
2022/04/11,0.155672869,0.171546365,-0.781350015,,,
2022/04/12,0.281967452,0.034579945,-0.648559457,,,
2022/04/13,0.471042368,-0.090360374,-0.833185217,,,
2022/04/14,0.243470207,0.191938806,-0.809270226,,,
2022/04/15,0.545657693,0.19778259,-0.797838815,,,
2022/04/16,0.550279653,-0.2264656,-0.668107951,,,
2022/04/17,0.586425761,-0.237263407,-0.688058033,,,
2022/04/18,0.381145738,-0.073693296,-0.742226583,,,
2022/04/19,0.453570006,0.099557103,-0.590511011,,,
2022/04/20,0.456344084,0.25085344,-0.787804924,,,
2022/04/21,0.592129272,0.071142481,-0.911318632,,,
2022/04/22,0.513614693,0.385736635,-0.41521687,,,
2022/04/23,0.707792738,0.173376488,-0.403113577,,,
2022/04/24,0.739981042,0.302635421,0.753256784,,,
2022/04/25,0.529667011,0.175984981,3.826468529,,,
2022/04/26,0.67234451,0.275228853,3.73422033,,,
2022/04/27,0.435703027,0.180197342,4.033327733,,,
2022/04/28,0.393085347,0.085595048,4.112198952,,,
2022/04/29,0.187435564,0.076837684,4.042476228,,,
2022/04/30,0.293909671,0.243671392,4.02427661,,,
2022/05/01,0.258083695,0.338922141,2.988676154,,,
2022/05/02,0.282656317,0.336058247,2.760261862,,,
2022/05/03,0.211652899,0.092889898,2.496352174,,,
2022/05/04,-0.089953559,0.022562596,2.726431379,,,
2022/05/05,0.382584256,-0.007453791,2.81891055,,,
2022/05/06,0.741164976,-0.254818646,2.82191746,,,
2022/05/07,0.693165892,-0.462933753,2.506364023,,,
2022/05/08,0.543288562,-0.462196082,2.523433013,,,
2022/05/09,1.89836583,-0.625096749,2.324234132,,,
2022/05/10,1.814803104,-0.600408857,2.370071902,,,
2022/05/11,1.776823663,-0.699965078,2.414198332,,,
2022/05/12,1.825240103,-0.641264294,2.429635053,,,
2022/05/13,1.956086656,-0.637454193,2.457116781,,,
2022/05/14,1.990426552,-0.666634343,1.935551779,,,
2022/05/15,1.727939987,-0.694839612,2.193771826,,,
2022/05/16,1.345821048,-0.717846204,1.60074124,,,
2022/05/17,1.339014444,-0.798769146,1.610262061,,,
2022/05/18,1.021466578,-0.931455471,1.762766177,,,
2022/05/19,0.708178856,-0.92728196,1.762890808,,,
2022/05/20,0.532465211,-0.922854932,1.755594378,,,
2022/05/21,0.581174821,-0.807729807,1.919117408,,,
2022/05/22,0.518515392,-0.676584644,2.090957007,,,
2022/05/23,0.333130854,-0.635176912,1.989970737,,,
2022/05/24,0.289962177,-0.552951324,2.666003243,,,
2022/05/25,0.36124401,-0.598268393,0.176342961,,,
2022/05/26,0.691919151,-0.672220554,0.379056524,,,
2022/05/27,0.739666619,-0.662428877,0.382012754,,,
2022/05/28,0.760559253,-0.476427874,0.276157044,,,
2022/05/29,0.817639446,-0.329405253,0.085810727,,,
2022/05/30,0.456920046,-0.328948289,-0.087829984,,,
2022/05/31,0.505841874,-0.434132852,-0.454800949,,,
2022/06/01,0.17279409,-0.463165875,-0.326547627,,,
2022/06/02,0.165140319,-0.250232006,-0.132206609,,,
2022/06/03,0.325566071,-0.289447898,-0.129935837,,,
2022/06/04,0.733052457,-0.167064977,-0.249748518,,,
2022/06/05,0.76478651,0.117912741,-0.368557495,,,
2022/06/06,0.525960397,0.477658985,0.271105509,,,
2022/06/07,0.733668961,0.479822494,0.1434284,,,
2022/06/08,-0.431114494,0.906062896,0.349342295,,,
2022/06/09,-0.359001642,0.487257251,0.24602678,,,
2022/06/10,-0.367173324,0.414266634,0.24901473,,,
2022/06/11,-0.454520481,0.258644547,0.252435431,,,
2022/06/12,-0.637932938,-0.399960399,0.187838935,,,
2022/06/13,4.110643166,-0.532404209,0.220075675,,,
2022/06/14,4.402593583,-0.472300441,0.219439673,,,
2022/06/15,4.837654083,-0.590214978,0.475795442,,,
2022/06/16,3.42838514,2.245805795,0.418089056,,,
2022/06/17,3.989778221,2.789113038,0.384168883,,,
2022/06/18,3.630803998,2.783124297,0.345884754,,,
2022/06/19,3.027102705,2.79826554,0.06174667,,,
2022/06/20,3.036161787,2.882533884,-0.190413083,,,
2022/06/21,3.170996108,2.02984859,0.044960562,,,
2022/06/22,3.236098922,1.381833068,0.38249433,,,
2022/06/23,2.878992685,0.866814366,0.564075315,,,
2022/06/24,2.873295419,0.843895626,0.783386368,,,
2022/06/25,2.864299989,0.887057687,0.750549674,,,
2022/06/26,2.862721173,0.914951956,0.4547726,,,
2022/06/27,2.839831913,0.873269057,0.231341152,,,
2022/06/28,2.836537127,0.609768055,0.250404519,,,
2022/06/29,3.580142709,0.357333695,0.474483704,,,
2022/06/30,3.53476232,0.294762631,0.819091047,,,
2022/07/01,4.106946788,0.311567435,0.609970677,,,
2022/07/02,4.207648835,0.305827182,0.263639289,,,
2022/07/03,4.340786519,0.334753975,-0.056089236,,,
2022/07/04,3.913595057,0.3275392,-0.000713143,,,
2022/07/05,3.913980634,0.09150836,0.041459908,,,
2022/07/06,4.288339465,-0.0602362,-0.000796778,,,
2022/07/07,3.800027647,-0.148485865,-0.090541999,,,
2022/07/08,3.975773797,-0.14537244,-0.136827956,,,
2022/07/09,3.969858253,-0.00915283,-0.238681513,,,
2022/07/10,3.973253407,0.142955021,-0.426414465,,,
2022/07/11,3.745572316,0.222890884,-0.26455188,,,
2022/07/12,4.136562091,0.176422607,-0.225069264,,,
2022/07/13,0.825119021,0.268753603,-0.181130006,,,
2022/07/14,0.79808366,0.082506765,-0.184993059,,,
2022/07/15,0.816403365,0.023010207,-0.164531735,,,
2022/07/16,0.249044891,0.240577849,-0.360566964,,,
2022/07/17,0.17699838,0.175127749,-0.344649423,,,
2022/07/18,0.300301553,0.14832693,-0.352474933,,,
2022/07/19,0.087758167,-0.09604834,-0.180303198,,,
2022/07/20,0.07854783,-0.117779864,0.107503982,,,
2022/07/21,0.083201711,0.058621998,0.04795554,,,
2022/07/22,0.230695841,0.377277621,0.044948073,,,
2022/07/23,0.583580258,0.720354806,0.055995824,,,
2022/07/24,0.585639312,0.877521886,0.01357823,,,
2022/07/25,0.247720889,0.854209784,0.008675852,,,
2022/07/26,0.354358957,0.895639418,0.071228303,,,
2022/07/27,0.28979094,0.644870208,0.321724019,,,
2022/07/28,0.143555001,0.992192929,0.398750255,,,
2022/07/29,0.157634821,0.885806672,0.207614285,,,
2022/07/30,0.198293139,1.111172064,-0.041548148,,,
2022/07/31,0.288531924,1.095467721,0.086352215,,,
2022/08/01,0.28874551,1.084553983,0.420108988,,,
2022/08/02,0.248596673,1.067106711,0.584792565,,,
2022/08/03,0.577271221,0.816798936,0.776041704,,,
2022/08/04,0.557100333,-0.15417175,0.946567934,,,
2022/08/05,0.457064007,0.018135936,0.928693116,,,
2022/08/06,0.822192198,0.198741529,1.216476953,,,
2022/08/07,0.803984969,0.190719955,1.217193043,,,
2022/08/08,0.643725007,0.196169088,1.413510759,,,
2022/08/09,0.724708469,0.039981935,1.75229326,,,
2022/08/10,0.84825532,0.001712788,1.056845828,,,
2022/08/11,1.119602125,-0.045324731,0.662483631,,,
2022/08/12,1.503689166,-0.049749834,0.811553076,,,
2022/08/13,1.612777803,0.218874987,0.469185563,,,
2022/08/14,1.667396546,0.494096044,0.503092957,,,
2022/08/15,1.75184279,0.505503213,0.947712341,,,
2022/08/16,1.853859527,0.573164607,0.908325282,,,
2022/08/17,1.86410897,0.614462257,0.597044803,,,
2022/08/18,2.536309931,0.683149463,0.350970657,,,
2022/08/19,3.881805274,0.752676232,0.306429682,,,
2022/08/20,3.794891338,1.061498255,0.201065716,,,
2022/08/21,3.835078841,1.096543273,-0.011784493,,,
2022/08/22,3.875089175,1.25852054,-0.037737109,,,
2022/08/23,3.877263801,1.021641218,-0.136761422,,,
2022/08/24,5.256909101,1.088118061,-0.227183757,,,
2022/08/25,5.217873538,1.019942259,-0.22155291,,,
2022/08/26,5.525855535,1.369555134,-0.329101133,,,
2022/08/27,6.52873081,1.363064006,-0.310945377,,,
2022/08/28,6.149877617,1.514723298,-0.181840941,,,
2022/08/29,5.355545161,1.537764917,0.068028759,,,
2022/08/30,5.065059336,1.054045238,0.067788595,,,
2022/08/31,4.957712094,0.803691795,0.026423267,,,
2022/09/01,5.088624174,0.472266086,-0.029644406,,,
2022/09/02,5.069102075,0.490951412,-0.196782649,,,
2022/09/03,5.097673999,0.939975548,-0.315800844,,,
2022/09/04,5.61083516,1.104560637,-0.467873818,,,
2022/09/05,5.70392373,1.11493409,-0.495213239,,,
2022/09/06,4.388807528,0.789997773,-0.554767756,,,
2022/09/07,4.476041166,0.573316332,-0.477737914,,,
2022/09/08,4.91876426,0.80852938,-0.414307472,,,
2022/09/09,3.966928793,0.459398872,-0.799211329,,,
2022/09/10,3.887576206,0.853803594,-0.656554858,,,
2022/09/11,4.019374604,0.808694687,-0.587333903,,,
2022/09/12,3.729444911,0.824610783,-0.591909725,,,
2022/09/13,2.547331509,0.454632963,-0.620748249,,,
2022/09/14,2.55989951,0.16993477,-0.767056874,,,
2022/09/15,2.412071621,-0.12419398,-0.78342048,,,
2022/09/16,2.539286475,-0.316058706,-0.703059895,,,
2022/09/17,2.467767214,-0.084564356,-0.551625911,,,
2022/09/18,2.877900376,-0.083718842,-0.705653533,,,
2022/09/19,2.928860336,-0.083668338,-0.762562501,,,
2022/09/20,2.66784313,-0.124598554,-0.641600288,,,
2022/09/21,2.573930091,-0.248287817,-0.779540796,,,
2022/09/22,2.066080794,-0.375783727,-0.70429163,,,
2022/09/23,2.066789267,4.965691103,-0.631612535,,,
2022/09/24,1.997216328,4.971059434,-0.692597755,,,
2022/09/25,2.837820322,4.99496122,-0.736575627,,,
2022/09/26,2.714118143,4.908274757,-0.711854024,,,
2022/09/27,2.857111257,4.726408871,-0.666140182,,,
2022/09/28,3.152416008,3.595762433,-0.703341215,,,
2022/09/29,3.365627848,4.544563809,-0.754036687,,,
2022/09/30,3.40925689,4.840816706,-0.732410303,,,
2022/10/01,3.399739223,4.976360012,-0.551064214,,,
2022/10/02,3.346471502,5.011003216,-0.527606305,,,
2022/10/03,3.039612559,4.607479404,-0.412306547,,,
2022/10/04,2.652995074,3.284854569,-0.272114468,,,
2022/10/05,2.653361552,3.112039612,-0.196276336,,,
2022/10/06,3.375590112,3.348637236,-0.082355763,,,
2022/10/07,3.42750772,3.538187656,-0.227633545,,,
2022/10/08,3.410750323,3.507594171,-0.168894607,,,
2022/10/09,4.034387,4.010232232,-0.282293576,,,
2022/10/10,3.998066265,4.014912181,-0.465048996,,,
2022/10/11,3.994344207,3.790889829,-0.449525033,,,
2022/10/12,4.45646663,3.82761533,-0.296010898,,,
2022/10/13,-0.107032446,3.235339234,-0.368538757,,,
2022/10/14,-0.155547837,2.891829145,-0.195141578,,,
2022/10/15,0.09017497,3.305616932,-0.261815409,,,
2022/10/16,0.036067942,3.62006645,-0.312240686,,,
2022/10/17,0.082656523,3.599549009,0.009148267,,,
2022/10/18,0.32570061,3.588944574,0.166216028,,,
2022/10/19,0.284011188,3.199461028,0.405528438,,,
2022/10/20,0.655943623,3.19214922,0.424140148,,,
2022/10/21,0.888291141,2.840183581,0.781412855,,,
2022/10/22,0.160530123,2.84736111,0.516818217,,,
2022/10/23,-0.059377317,0.525708863,0.197392825,,,
2022/10/24,0.077489518,0.587049585,0.182047207,,,
2022/10/25,0.236838735,0.649456554,0.195584816,,,
2022/10/26,0.233090024,0.569967341,0.480916283,,,
2022/10/27,-0.028191406,0.621704712,0.341805274,,,
2022/10/28,-0.007988127,1.083688715,0.425828293,,,
2022/10/29,-0.046784751,1.083297252,0.347237094,,,
2022/10/30,-0.063477645,1.10642879,0.128485676,,,
2022/10/31,-0.0689059,1.441740295,-0.153780097,,,
2022/11/01,0.057057211,1.621231351,-0.12666828,,,
2022/11/02,0.204519574,1.605471631,-0.135643928,,,
2022/11/03,0.373716286,1.558896283,-0.104012325,,,
2022/11/04,0.845802139,1.416385231,-0.280883953,,,
2022/11/05,0.902762956,1.424368088,-0.287626913,,,
2022/11/06,0.99627791,1.405934759,-0.189769781,,,
2022/11/07,0.829446534,1.430446412,-0.275223387,,,
2022/11/08,7.70363656,1.455394513,-0.363531868,,,
2022/11/09,8.493047697,1.406613836,-0.302665616,,,
2022/11/10,5.595474342,1.271417081,-0.372114985,,,
2022/11/11,5.29634592,0.761882329,-0.340736025,,,
2022/11/12,5.279382669,1.10102455,-0.457656154,,,
2022/11/13,5.099287942,1.729804188,-0.451343772,,,
2022/11/14,5.035550065,1.757284326,0.370045491,,,
2022/11/15,4.994454618,1.591953357,0.474022657,,,
2022/11/16,5.008036534,1.338850786,0.904944468,,,
2022/11/17,5.04349755,1.33196454,0.980728492,,,
2022/11/18,5.073265824,1.747611628,0.660753317,,,
2022/11/19,5.07897882,1.775748372,0.657909872,,,
2022/11/20,4.907500184,2.509575812,0.578232002,,,
2022/11/21,4.643916606,2.419784249,0.508265515,,,
2022/11/22,4.56861329,1.641884096,0.888256847,,,
2022/11/23,4.433723983,1.599031879,1.216895498,,,
2022/11/24,4.802575885,1.600677455,0.884629284,,,
2022/11/25,5.095972348,1.863631018,0.627533411,,,
2022/11/26,5.255746041,1.880573437,0.688753466,,,
2022/11/27,5.324740044,1.783188642,0.69346699,,,
2022/11/28,5.301202477,1.673199646,1.207596631,,,
2022/11/29,5.266022592,1.470019587,1.426647544,,,
2022/11/30,4.775609871,1.312072816,2.010564551,,,
2022/12/01,4.737484098,1.456332863,1.992054254,,,
2022/12/02,4.793757881,1.790735026,1.649134107,,,
2022/12/03,4.76442833,2.014055173,1.716944333,,,
2022/12/04,5.269309903,2.389610544,1.451071571,,,
2022/12/05,5.256437056,2.302463951,1.069018676,,,
2022/12/06,5.328791649,1.696009813,0.943388407,,,
2022/12/07,5.341111259,1.662919008,1.050960192,,,
2022/12/08,7.947611465,1.675846257,1.293322232,,,
2022/12/09,6.094879858,0.781746795,1.544662268,,,
2022/12/10,-0.190548746,1.208243718,1.073177598,,,
2022/12/11,0.085483883,1.663496211,0.603305691,,,
2022/12/12,0.191394015,1.592793573,3.14230704,,,
2022/12/13,0.201164331,1.033895873,3.142180004,,,
2022/12/14,0.37489684,0.967090292,4.628825659,,,
2022/12/15,0.214371149,0.942675243,4.143928735,,,
2022/12/16,0.190158562,0.89067663,4.052838443,,,
2022/12/17,0.144068507,0.915206757,3.963306499,,,
2022/12/18,0.141292038,1.04052433,4.326478946,,,
2022/12/19,-0.036794312,1.116572455,3.039255013,,,
2022/12/20,-0.060747393,0.868887597,3.067630541,,,
2022/12/21,0.239009467,0.518108831,3.342847344,,,
2022/12/22,0.559715277,-0.665087535,3.338746289,,,
2022/12/23,0.95036241,-0.578941007,3.223614758,,,
2022/12/24,0.942020511,-0.578017115,3.762780776,,,
2022/12/25,0.964930467,-0.577807731,4.124712322,,,
2022/12/26,0.956548543,-0.501038305,4.133474542,,,
2022/12/27,0.833844262,-0.492066668,3.418168922,,,
2022/12/28,0.909194415,-0.614313616,3.41786019,,,
2022/12/29,1.049695991,-0.539536889,3.358543585,,,
2022/12/30,1.234281231,-0.427357626,3.335167844,,,
2022/12/31,1.392586012,-0.388763417,2.912059008,,,
2023/01/01,1.431447153,-0.327045457,2.644446226,,,
2023/01/02,1.562620967,-0.248579694,1.899492447,,,
2023/01/03,1.79895888,0.08040004,1.971758105,,,
2023/01/04,1.747999484,0.124612377,1.896131675,,,
2023/01/05,1.813825624,0.29364104,1.977546619,,,
2023/01/06,2.038215846,0.013789757,1.971191492,,,
2023/01/07,2.770116799,0.024850743,1.978935149,,,
2023/01/08,2.709744433,0.317789313,1.400555468,,,
2023/01/09,2.63239949,0.363307612,1.300329375,,,
2023/01/10,2.270478702,0.389417042,1.702048107,,,
2023/01/11,1.565370255,0.39042478,0.003490326,,,
2023/01/12,2.644168859,0.37821589,-0.00540204,,,
2023/01/13,2.178017832,0.427014169,-5.67663E-06,,,
2023/01/14,1.917878312,0.623621959,0.191367287,,,
2023/01/15,2.829622248,0.969993882,-0.038483352,,,
2023/01/16,2.721722614,0.974519134,-0.252269933,,,
2023/01/17,2.726580026,0.94676554,-0.18950257,,,
2023/01/18,2.612422261,0.702088218,-0.189311269,,,
2023/01/19,2.931966053,0.955174329,-0.243347605,,,
2023/01/20,2.909374776,1.207059849,-0.253749065,,,
2023/01/21,2.895396242,1.752577347,-0.272531581,,,
2023/01/22,2.893663511,2.627144915,-0.395934786,,,
2023/01/23,2.837532091,2.62659039,-0.526937083,,,
2023/01/24,2.71992714,2.539945655,-0.524164579,,,
2023/01/25,2.457886299,2.51696449,-0.548824,,,
2023/01/26,2.541912431,1.821513846,-0.462841235,,,
2023/01/27,2.603703027,2.200820213,-0.616962421,,,
2023/01/28,2.620498573,2.244145082,-0.627783678,,,
2023/01/29,2.096341285,2.14487625,-0.699763248,,,
2023/01/30,1.49418087,2.023971734,-0.723506397,,,
2023/01/31,1.428184844,1.915937779,-0.555731557,,,
2023/02/01,1.191639277,1.453668452,-0.443210994,,,
2023/02/02,1.145239158,0.786104344,-0.289755982,,,
2023/02/03,1.193620757,0.846815629,-0.052575766,,,
2023/02/04,1.184117479,1.146526479,-0.049663171,,,
2023/02/05,1.099336756,1.765387376,-0.150860823,,,
2023/02/06,1.070172718,1.751350665,-0.204066828,,,
2023/02/07,0.92384695,1.51898376,-0.053106608,,,
2023/02/08,0.866421719,1.472745695,0.114214185,,,
2023/02/09,0.485984324,1.506048828,0.0980577,,,
2023/02/10,0.673517669,1.378027599,0.117272594,,,
2023/02/11,1.141874521,2.00293649,-0.02559972,,,
2023/02/12,1.79544016,2.012107284,-0.076607156,,,
2023/02/13,2.70715311,2.012722761,-0.179008615,,,
2023/02/14,2.470312367,2.012797836,0.066402253,,,
2023/02/15,3.144224516,1.578955715,0.305550564,,,
2023/02/16,2.759623618,1.489560365,0.332883657,,,
2023/02/17,2.393370584,1.192655409,0.48102528,,,
2023/02/18,2.546346022,1.228770206,0.619575839,,,
2023/02/19,3.617015844,1.448470674,0.616553756,,,
2023/02/20,3.362083211,1.448782567,0.618464431,,,
2023/02/21,3.206951276,1.366070283,0.267537905,,,
2023/02/22,3.197214159,1.212342837,0.599408668,,,
2023/02/23,3.240530172,1.048085228,0.575663526,,,
2023/02/24,2.953987516,1.053749348,0.64427469,,,
2023/02/25,2.961470594,1.651183508,0.902425364,,,
2023/02/26,2.810417427,1.864795952,1.346850743,,,
2023/02/27,2.811340641,1.935318871,1.022393018,,,
2023/02/28,3.190724797,1.698270982,1.531130386,,,
2023/03/01,3.779075371,1.374255782,-0.226410747,,,
2023/03/02,3.863327283,1.303984245,-0.404015777,,,
2023/03/03,3.112488874,1.456288952,-0.314416032,,,
2023/03/04,3.181458688,2.228822977,-0.469215734,,,
2023/03/05,3.1737068,2.229115123,-0.644875704,,,
2023/03/06,3.189255889,2.238763581,-0.814308294,,,
2023/03/07,3.2951066,1.640938861,-0.814835484,,,
2023/03/08,3.03838124,1.519693965,-0.811361731,,,
2023/03/09,2.219007646,1.981197177,-0.789850877,,,
2023/03/10,2.271261841,1.720828511,-0.872460535,,,
2023/03/11,2.918101336,1.588866948,-0.887069321,,,
2023/03/12,1.989698848,1.220875024,-0.882603489,,,
2023/03/13,1.53315293,1.062943724,-0.774861084,,,
2023/03/14,1.413370809,0.935286259,-0.743925661,,,
2023/03/15,1.357918182,7.401137549,-0.619895693,,,
2023/03/16,1.271057097,7.364854162,-0.563467155,,,
2023/03/17,1.288260993,7.777335173,-0.553578735,,,
2023/03/18,1.404997096,7.846775242,-0.530044029,,,
2023/03/19,1.406291559,10.53680421,0.584279041,,,
2023/03/20,1.385188517,10.35726904,0.830534428,,,
2023/03/21,1.373373519,7.593023257,0.798871821,,,
2023/03/22,1.255116937,7.143871011,0.824971672,,,
2023/03/23,1.042904702,6.72971771,0.827554373,,,
2023/03/24,0.88950962,6.871264653,0.746805089,,,
2023/03/25,0.910131977,7.136976908,0.613146647,,,
2023/03/26,1.036757905,7.028551621,0.641223419,,,
2023/03/27,0.854001527,6.936595815,0.741884497,,,
2023/03/28,0.903921864,6.166039974,0.615147574,,,
2023/03/29,0.653625401,5.738638065,0.981066274,,,
2023/03/30,0.677808393,6.039581895,0.725582221,,,
2023/03/31,0.714327799,6.637123159,0.762616947,,,
2023/04/01,0.723312803,6.178235855,0.616757627,,,
2023/04/02,1.083160717,5.830882665,0.480005403,,,
2023/04/03,1.036765186,5.291568413,0.233067071,,,
2023/04/04,1.000531143,4.906896892,0.243730791,,,
2023/04/05,1.000518643,4.762248934,0.363187577,,,
2023/04/06,1.014697425,5.248500693,0.397031408,,,
2023/04/07,1.120855954,5.386360538,0.458259371,,,
2023/04/08,1.753716145,5.601543838,0.132746171,,,
2023/04/09,1.721482009,5.89766791,0.052296792,,,
2023/04/10,1.392663403,6.031268631,-0.148745324,,,
2023/04/11,2.016936304,5.84657375,-0.258670046,,,
2023/04/12,2.378392066,5.949508432,-0.152183809,,,
2023/04/13,2.584066216,5.948597368,-0.131613845,,,
2023/04/14,2.6991828,0.124100813,-0.122325493,,,
2023/04/15,3.074861416,0.128638128,-0.166712338,,,
2023/04/16,0.01882522,0.248489711,-0.323661138,,,
2023/04/17,-0.125169509,0.302877061,-0.526739643,,,
2023/04/18,-0.148143915,0.364622214,-0.314068092,,,
2023/04/19,0.008971452,0.365879275,-0.118779854,,,
2023/04/20,-0.053228299,-0.724825982,-0.186383739,,,
2023/04/21,-0.076414671,-0.57689702,-0.250353988,,,
2023/04/22,0.084944354,-0.406818082,-0.408803578,,,
2023/04/23,0.349205922,-0.359114887,-0.400759952,,,
2023/04/24,0.346304828,-0.313684596,-0.560053127,,,
2023/04/25,0.20660316,-0.390613295,-0.402373823,,,
2023/04/26,0.528981451,-0.396362624,-0.6631076,,,
2023/04/27,0.17190842,-0.226243598,-0.582884299,,,
2023/04/28,0.535227837,-0.218289592,-0.582341749,,,
2023/04/29,0.597883711,-0.157994676,-0.60657647,,,
2023/04/30,0.733055066,-0.173940291,-0.550830019,,,
2023/05/01,0.326575037,0.046689003,-0.490585475,,,
2023/05/02,0.180846044,6.896436687,-0.431460636,,,
2023/05/03,0.215211184,7.208238872,-0.405562213,,,
2023/05/04,0.280593135,8.007698364,-0.359210716,,,
2023/05/05,0.079315748,5.583773238,-0.5013264,,,
2023/05/06,-0.070740607,5.895800293,-0.461388045,,,
2023/05/07,-0.150009032,5.896973954,-0.655409958,,,
2023/05/08,-0.342500833,5.904066503,-0.485771416,,,
2023/05/09,-0.283769693,5.892718453,-0.579643608,,,
2023/05/10,-0.087224412,5.681092691,-0.710211565,,,
2023/05/11,-0.125982403,5.506463824,-0.59105119,,,
2023/05/12,-0.143274646,5.561171744,-0.523201278,,,
2023/05/13,-0.113779064,5.755621208,-0.67823298,,,
2023/05/14,-0.122689778,5.749813849,-0.686335153,,,
2023/05/15,-0.147710888,5.782250126,-0.782909607,,,
2023/05/16,-0.161083247,4.353957338,-0.606091552,,,
2023/05/17,0.016217371,3.830747681,-0.559243156,,,
2023/05/18,0.140818094,3.838534162,-0.604766758,,,
2023/05/19,-0.273755219,3.805017002,-0.591601854,,,
2023/05/20,-0.134792554,3.970013867,-0.587367456,,,
2023/05/21,-0.003615762,4.00997092,-0.632451354,,,
2023/05/22,0.209542845,4.061267114,-0.486018096,,,
2023/05/23,0.127188203,3.862753033,-0.610215657,,,
2023/05/24,-0.145720196,3.912436153,-0.846381249,,,
2023/05/25,0.128797564,3.63889617,-0.847290869,,,
2023/05/26,0.083247023,3.751403165,-0.839970284,,,
2023/05/27,0.295798505,3.751986554,-0.892511725,,,
2023/05/28,0.395755215,4.368468005,-0.954820952,,,
2023/05/29,0.304508223,4.401394232,-0.807133265,,,
2023/05/30,0.303124933,3.881592592,-0.645313489,,,
2023/05/31,0.263920073,3.087115318,-0.736859207,,,
2023/06/01,0.375272069,0.773068772,-0.704166421,,,
2023/06/02,0.29290444,0.712923161,-0.591299632,,,
2023/06/03,0.284081428,0.790027247,-0.576776087,,,
2023/06/04,0.621821985,1.000157254,-0.419853117,,,
2023/06/05,1.355771959,0.995797527,-0.543300889,,,
2023/06/06,1.435902143,0.946803706,-0.365155562,,,
2023/06/07,1.306029248,0.490065166,-0.344871015,,,
2023/06/08,1.282298689,0.495680316,-0.250513905,,,
2023/06/09,1.282755423,0.568158491,-0.261918736,,,
2023/06/10,1.254410814,0.854157875,-0.249813218,,,
2023/06/11,1.281052841,0.830280693,-0.277150971,,,
2023/06/12,1.280059507,0.806291872,-0.140484424,,,
2023/06/13,1.299404568,0.731674166,-0.148132026,,,
2023/06/14,0.917886931,0.648447569,0.061423405,,,
2023/06/15,0.776214073,0.85617568,-0.212089612,,,
2023/06/16,0.53778685,1.271318091,-0.1785711,,,
2023/06/17,0.704601841,1.281434703,-0.144481749,,,
2023/06/18,0.684837703,1.426662329,-0.091333698,,,
2023/06/19,0.55632542,1.430137243,-0.004989112,,,
2023/06/20,0.360202404,0.876928659,0.120194411,,,
2023/06/21,0.15806313,0.60888139,0.164530708,,,
2023/06/22,0.210111576,0.449174689,0.498449836,,,
2023/06/23,0.293967383,0.210393841,0.416632066,,,
2023/06/24,0.295812314,0.505012471,0.103108893,,,
2023/06/25,0.321174471,0.443723972,0.265880958,,,
2023/06/26,0.315822431,0.384644513,0.280188634,,,
2023/06/27,0.648560901,0.382695949,0.550812662,,,
2023/06/28,0.564486145,0.319990411,0.445188153,,,
2023/06/29,0.513529856,0.525569922,0.70053848,,,
2023/06/30,0.62393753,0.831060622,1.057889204,,,
2023/07/01,0.702023558,1.348953134,1.099655644,,,
2023/07/02,0.800883117,0.726895171,1.027002672,,,
2023/07/03,0.701048471,0.713499129,0.857960018,,,
2023/07/04,0.643801636,0.715845593,0.716653368,,,
2023/07/05,1.084902152,0.427166396,1.05405092,,,
2023/07/06,1.275877821,0.871168786,0.702679401,,,
2023/07/07,1.694575021,0.844108327,0.561038591,,,
2023/07/08,1.721534451,0.835769871,0.437405828,,,
2023/07/09,1.709879978,0.863674946,0.386781111,,,
2023/07/10,2.06330051,0.889796275,0.119202256,,,
2023/07/11,2.034132786,0.47606328,0.161456541,,,
2023/07/12,1.987993155,0.222751551,0.110962806,,,
2023/07/13,1.355175118,0.292798842,-0.154883697,,,
2023/07/14,1.256115561,0.287837262,-0.358093752,,,
2023/07/15,1.447966182,0.485319554,-0.360302102,,,
2023/07/16,1.93834418,0.482748387,-0.502926587,,,
2023/07/17,1.967653805,0.480337156,-0.487050326,,,
2023/07/18,1.928706824,0.323566182,-0.546092387,,,
2023/07/19,2.213768716,0.240460672,-0.520415021,,,
2023/07/20,2.982416879,0.431830073,-0.572340908,,,
2023/07/21,1.259898879,0.537619565,-0.569783971,,,
2023/07/22,1.250416202,0.848093009,-0.691735289,,,
2023/07/23,1.732414646,1.127991751,-0.658568917,,,
2023/07/24,1.135639301,1.139823389,-0.628041706,,,
2023/07/25,1.138482798,1.199519701,-0.787334411,,,
2023/07/26,1.176940922,1.275126767,-0.789009686,,,
2023/07/27,1.386688847,1.007273669,-0.813488186,,,
2023/07/28,1.868931249,1.087488561,-0.765236202,,,
2023/07/29,2.110877572,1.13763462,-0.822444348,,,
2023/07/30,2.09789647,1.20453523,0.201961841,,,
2023/07/31,2.119820288,1.122003002,1.740835723,,,
2023/08/01,1.752123799,1.010958477,1.774507196,,,
2023/08/02,1.733848195,0.592762912,1.842841583,,,
2023/08/03,1.979825176,0.438658655,2.129545081,,,
2023/08/04,2.090795477,0.553523652,2.121001218,,,
2023/08/05,2.761136447,0.685735563,2.298108036,,,
2023/08/06,3.227214315,1.197447845,1.83597604,,,
2023/08/07,3.174376945,1.213471668,1.475296135,,,
2023/08/08,2.464805991,1.219318601,1.500053459,,,
2023/08/09,2.500073724,0.737354583,1.63070912,,,
2023/08/10,2.555103499,1.244951923,1.613036459,,,
2023/08/11,2.676650838,1.48742057,1.653604733,,,
2023/08/12,3.761045222,1.484327787,1.932355812,,,
2023/08/13,3.592566747,-0.076747585,1.934398236,,,
2023/08/14,3.501674838,-0.092903426,2.012615792,,,
2023/08/15,3.187655415,0.328243463,2.263925058,,,
2023/08/16,2.371944972,0.207568569,2.911583832,,,
2023/08/17,11.33625063,0.217904028,2.989216796,,,
2023/08/18,9.70184753,0.225680491,2.945297433,,,
2023/08/19,9.741864043,0.517660021,2.983454969,,,
2023/08/20,9.749400212,0.781213009,2.530195619,,,
2023/08/21,9.793565947,0.893966446,2.735497268,,,
2023/08/22,10.08375785,0.848229413,2.751549971,,,
2023/08/23,12.17031745,0.913381781,3.21917188,,,
2023/08/24,11.78304867,0.760716315,3.323659664,,,
2023/08/25,11.78178667,0.534109684,3.270803668,,,
2023/08/26,11.86505709,0.857728434,3.059692135,,,
2023/08/27,11.88040903,0.832526772,2.774320531,,,
2023/08/28,11.88518653,0.957913347,2.832782075,,,
2023/08/29,6.970941122,0.880569165,4.011235951,,,
2023/08/30,6.574356882,0.87502148,-0.056314044,,,
2023/08/31,4.623798673,1.065822956,-0.07490948,,,
2023/09/01,4.934227537,1.128263212,-0.183888948,,,
2023/09/02,4.927206347,1.492120989,-0.122454275,,,
2023/09/03,4.924661351,1.686804824,-0.201604989,,,
2023/09/04,4.884049179,1.686210112,0.287177798,,,
2023/09/05,4.882245696,1.552473575,0.664392624,,,
2023/09/06,4.906902427,1.55236469,1.003454927,,,
2023/09/07,4.951333175,1.537470849,1.002299,,,
2023/09/08,4.821234078,1.959022342,1.006821993,,,
2023/09/09,4.8436073,1.958514436,0.753717731,,,
2023/09/10,4.838128859,2.38632597,0.425834498,,,
2023/09/11,4.180220052,2.394688031,0.464828808,,,
2023/09/12,3.622501007,1.645627803,0.519279875,,,
2023/09/13,3.448421812,1.442282441,0.70180686,,,
2023/09/14,3.389555298,0.869895912,0.701369906,,,
2023/09/15,3.596644331,0.75389553,0.689309478,,,
2023/09/16,3.748227008,1.112194544,0.65030053,,,
2023/09/17,4.457274632,1.353288871,0.68208307,,,
2023/09/18,4.355476205,1.347263023,0.583216913,,,
2023/09/19,3.969265988,1.280931683,0.766902202,,,
2023/09/20,3.966066439,0.841298657,1.094707753,,,
2023/09/21,3.441799386,0.552093061,1.117180949,,,
2023/09/22,3.73332418,0.576576802,1.203663482,,,
2023/09/23,3.875924089,0.728658705,1.262584427,,,
2023/09/24,3.702631078,0.969498095,1.371008846,,,
2023/09/25,3.702299394,0.966507225,1.541887786,,,
2023/09/26,3.702508156,0.831556648,1.803356396,,,
2023/09/27,3.667248464,0.714901287,1.942287701,,,
2023/09/28,2.642968733,0.857996291,1.988838381,,,
2023/09/29,2.996254325,0.598875201,2.013842485,,,
2023/09/30,0.501480784,0.456898419,2.099229945,,,
2023/10/01,0.92184595,0.692069678,1.875383984,,,
2023/10/02,0.635295548,0.51458869,1.740221603,,,
2023/10/03,0.637398851,0.448877052,2.390992047,,,
2023/10/04,0.487733096,1.632284761,2.378478642,,,
2023/10/05,0.298427408,1.690288387,2.407741367,,,
2023/10/06,0.028260177,1.524875928,1.808827401,,,
2023/10/07,0.290606441,1.272217423,1.166469117,,,
2023/10/08,0.454227621,1.168586611,1.081866402,,,
2023/10/09,0.292796522,0.951976284,0.864625976,,,
2023/10/10,0.247647492,0.8201784,1.273393944,,,
2023/10/11,0.311452597,0.654892599,0.0654164,,,
2023/10/12,0.688957005,1.110499254,0.212109642,,,
2023/10/13,0.95818213,0.716135272,0.182999573,,,
2023/10/14,1.171929852,1.077641856,0.120823307,,,
2023/10/15,0.992583231,1.224832525,0.054735406,,,
2023/10/16,2.117387738,1.207776107,-0.090632833,,,
2023/10/17,2.100885755,1.074217744,-0.057252875,,,
2023/10/18,2.182908041,0.975013099,0.131056289,,,
2023/10/19,2.300873465,0.984982352,0.377641657,,,
2023/10/20,1.523011216,0.806557012,0.373407363,,,
2023/10/21,1.882808584,1.111407195,0.361921281,,,
2023/10/22,1.875044763,1.077869491,0.058741894,,,
2023/10/23,7.215632797,1.051793573,0.029705542,,,
2023/10/24,6.743622228,0.793940825,-0.004513875,,,
2023/10/25,6.42488471,0.80962008,0.136483915,,,
2023/10/26,6.330550303,0.792626984,0.180161002,,,
2023/10/27,6.304058081,0.910422561,0.129913089,,,
2023/10/28,6.911130698,0.945583142,0.150068895,,,
2023/10/29,6.742133029,1.521385,0.182218189,,,
2023/10/30,6.745704977,1.686149794,0.056975392,,,
2023/10/31,8.199487369,1.848080848,0.332222763,,,
2023/11/01,7.928436114,2.037961403,0.39734085,,,
2023/11/02,7.690153339,1.740013456,0.535781089,,,
2023/11/03,7.872318782,1.473558644,0.719804766,,,
2023/11/04,7.990999833,1.46755463,0.714554749,,,
2023/11/05,8.478365196,1.628656884,0.900288946,,,
2023/11/06,8.479095774,1.947321406,0.83767076,,,
2023/11/07,8.297241679,1.584573516,0.887514773,,,
2023/11/08,8.468970745,1.462461139,0.906275534,,,
2023/11/09,7.517997198,1.642492608,0.669351296,,,
2023/11/10,7.615381072,1.638842605,0.65150565,,,
2023/11/11,7.611066253,1.610287104,0.69391743,,,
2023/11/12,7.624151909,2.351035456,0.767730075,,,
2023/11/13,7.351573301,2.343649122,0.894809531,,,
2023/11/14,6.715169241,2.15949032,1.056332603,,,
2023/11/15,5.966926457,2.148252816,1.530870454,,,
2023/11/16,4.565251529,1.545807287,1.410974323,,,
2023/11/17,4.470705277,1.038648825,1.455432949,,,
2023/11/18,4.599660945,1.04620035,1.285647027,,,
2023/11/19,4.990327817,1.464422954,1.17559977,,,
2023/11/20,5.033500359,1.503631663,0.721053333,,,
2023/11/21,3.899926399,1.515852593,0.678948586,,,
2023/11/22,1.108873886,1.418476523,-0.368614977,,,
2023/11/23,1.390408385,1.707460443,-0.330345677,,,
2023/11/24,1.487397811,1.604733542,-0.293581169,,,
2023/11/25,1.5470215,1.717028758,-0.331771418,,,
2023/11/26,1.535593983,2.239011653,-0.305370054,,,
2023/11/27,1.53045466,2.229872208,-0.339295642,,,
2023/11/28,1.493631539,2.177715524,-0.297694772,,,
2023/11/29,1.493985634,1.932440925,-0.280831204,,,
2023/11/30,1.498915528,1.858628399,-0.452011021,,,
2023/12/01,1.42160042,1.776138523,-0.534324759,,,
2023/12/02,1.317214853,1.794823285,-0.540721639,,,
2023/12/03,1.24875849,2.163026042,-0.515251779,,,
2023/12/04,0.770494708,2.13793446,-0.682352877,,,
2023/12/05,0.35305097,1.591408639,-0.667396557,,,
2023/12/06,0.333650397,1.013379932,-0.590931138,,,
2023/12/07,0.341385621,1.207159975,-0.645102492,,,
2023/12/08,0.232881977,1.238436249,-0.688382623,,,
2023/12/09,0.425729862,1.238548361,-0.687354327,,,
2023/12/10,0.520742935,1.554273667,-0.71234125,,,
2023/12/11,0.250125677,1.597515315,-0.739219224,,,
2023/12/12,0.244450518,1.162739316,-0.722432229,,,
2023/12/13,0.060983177,0.784346505,-0.737475747,,,
2023/12/14,0.224182839,0.781080633,-0.777073526,,,
2023/12/15,0.169130052,0.647891362,-0.777690174,,,
2023/12/16,0.519742661,0.99895721,-0.868183173,,,
2023/12/17,0.420707038,1.377616055,-0.874745413,,,
2023/12/18,0.166997386,1.350475429,-0.945698536,,,
2023/12/19,0.28887235,0.992496572,-0.93343773,,,
2023/12/20,0.032170311,0.836184266,-0.894471776,,,
2023/12/21,0.361526588,0.825957588,-0.77249931,,,
2023/12/22,0.781177109,0.971302323,-0.653607474,,,
2023/12/23,0.771278296,1.022552684,-0.795142523,,,
2023/12/24,0.707148237,1.164648962,0.161707303,,,
2023/12/25,0.623137907,1.17691585,-0.026566884,,,
2023/12/26,0.416873814,0.989846841,0.02165647,,,
2023/12/27,0.266381075,1.000754352,0.227023241,,,
2023/12/28,0.226266477,0.606577321,0.115512305,,,
2023/12/29,0.1693842,0.834377931,0.182179612,,,
2023/12/30,0.174292384,0.921839043,0.490412697,,,
2023/12/31,0.385031275,1.009482669,0.551925093,,,
2024/01/01,0.169006198,1.040318683,0.510020839,,,
2024/01/02,0.120938281,1.071825848,0.497907143,,,
2024/01/03,0.113541845,0.706684354,0.788286107,,,
2024/01/04,0.146896479,0.91969788,1.224733214,,,
2024/01/05,0.169003571,1.502070726,1.428288185,,,
2024/01/06,0.204468714,1.488706391,1.563380829,,,
2024/01/07,0.349692831,1.91872814,1.424907456,,,
2024/01/08,0.527349903,1.789362222,1.638708959,,,
2024/01/09,0.425712393,1.191090942,1.089229098,,,
2024/01/10,0.63726384,0.957925126,0.703781212,,,
2024/01/11,0.634653226,1.41941916,0.590973473,,,
2024/01/12,1.473941086,1.548068042,0.549899458,,,
2024/01/13,1.477830806,-0.042360848,0.541996071,,,
2024/01/14,1.495153993,0.214685953,0.407500885,,,
2024/01/15,1.405569971,0.267451808,0.623547648,,,
2024/01/16,1.48287229,1.200299466,0.352231068,,,
2024/01/17,1.778128707,0.784143396,0.55786828,,,
2024/01/18,1.38116338,1.15203995,0.61039042,,,
2024/01/19,1.714474458,1.361029164,0.672941035,,,
2024/01/20,1.724744889,1.451323054,0.3055093,,,
2024/01/21,1.724876319,1.522259248,0.329359067,,,
2024/01/22,1.124922313,1.522262544,0.201585508,,,
2024/01/23,1.193198133,1.421507207,0.036331218,,,
2024/01/24,1.247441483,0.985571107,0.160140213,,,
2024/01/25,1.461823334,0.722432259,0.1104579,,,
2024/01/26,1.091371158,0.463804452,0.048310666,,,
2024/01/27,1.18934243,0.906977965,0.149958331,,,
2024/01/28,1.241141037,0.910358742,0.441046545,,,
2024/01/29,0.988852049,0.921261498,0.461552749,,,
2024/01/30,0.971761866,0.692840935,0.597725614,,,
2024/01/31,1.427856341,0.2973012,0.72236847,,,
2024/02/01,1.493983867,0.238314916,0.587314855,,,
2024/02/02,2.178398409,0.392558632,0.587160748,,,
2024/02/03,2.604412037,0.579425166,0.373128071,,,
2024/02/04,2.553491815,0.56151926,0.361827334,,,
2024/02/05,2.56044808,0.626434919,0.265641363,,,
2024/02/06,2.50658954,0.485247297,0.435863208,,,
2024/02/07,3.080754363,0.541939973,0.372874672,,,
2024/02/08,2.974702019,0.852144965,0.662069746,,,
2024/02/09,2.260702266,0.812538907,0.771335495,,,
2024/02/10,2.180729444,0.787717842,0.507220094,,,
2024/02/11,0.65834541,1.122692713,0.569116562,,,
2024/02/12,0.275065919,1.085638518,0.287135793,,,
2024/02/13,0.522034332,0.658461082,0.462747514,,,
2024/02/14,0.278688609,0.648268398,0.270746018,,,
2024/02/15,0.377604044,0.158306139,0.241576967,,,
2024/02/16,0.413286986,0.466879453,0.094120885,,,
2024/02/17,0.776732869,0.494614553,-0.132126587,,,
2024/02/18,0.774136662,0.51677237,-0.096939274,,,
2024/02/19,0.748817174,0.516536897,-0.192743515,,,
2024/02/20,0.699104678,0.257254392,-0.177416736,,,
2024/02/21,0.831316655,-0.044866172,-0.608954517,,,
2024/02/22,0.806916304,-0.009072121,-0.596017231,,,
2024/02/23,0.742358932,0.193839831,-0.615648268,,,
2024/02/24,0.580910078,0.469720248,-0.633408208,,,
2024/02/25,0.681288004,0.790091017,-0.627571398,,,
2024/02/26,0.968103304,0.791740105,-0.736188672,,,
2024/02/27,0.571292608,0.784110973,-0.724001682,,,
2024/02/28,3.238171553,0.67929785,-0.725394866,,,
2024/02/29,3.023540322,0.922647385,-0.598292989,,,
2024/03/01,2.848775264,0.883033994,-0.609965257,,,
2024/03/02,2.897088818,0.944676998,-0.679442994,,,
2024/03/03,2.727644791,1.204230305,-0.713924825,,,
2024/03/04,1.958666181,1.168633918,-0.658164805,,,
2024/03/05,1.279673542,1.046748775,-0.756980324,,,
2024/03/06,1.006856756,0.787293713,-0.654491115,,,
2024/03/07,0.994614334,0.905284459,-0.81848519,,,
2024/03/08,1.074892823,0.939711074,-0.848696012,,,
2024/03/09,1.187228158,1.116498238,-0.923940518,,,
2024/03/10,1.532239867,1.514889643,-0.81071125,,,
2024/03/11,1.162705612,1.55368226,-0.726549016,,,
